,Div,Date,HomeTeam,AwayTeam,FTHG,FTAG,FTR,HTHG,HTAG,HTR,Attendance,Referee,HS,AS,HST,AST,HHW,AHW,HC,AC,HF,AF,HO,AO,HY,AY,HR,AR,HBP,ABP,GBH,GBD,GBA,IWH,IWD,IWA,LBH,LBD,LBA,SBH,SBD,SBA,SYH,SYD,SYA,WHH,WHD,WHA,season
0,E0,18/08/01,Charlton,Everton,1,2,A,0,0,D,20451.0,N. S. Barry,8,12,4,9,0,0,4,4,15,17,2,1,0,3,0,0,0,30,,,,2.0,2.9,3.0,1.83,3.2,3.75,,,,2.0,3.25,3.25,2.0,3.2,3.2,0102
1,E0,18/08/01,Derby,Blackburn,2,1,H,1,0,H,28236.0,P. A. Durkin,7,14,3,4,0,0,4,10,14,15,3,1,1,0,0,0,10,0,,,,2.3,2.9,2.5,2.25,3.2,2.75,,,,2.25,3.25,2.75,2.25,3.2,2.75,0102
2,E0,18/08/01,Leeds,Southampton,2,0,H,0,0,D,39715.0,C. R. Wilkes ,16,11,6,6,1,0,10,3,16,24,3,2,1,2,0,1,10,45,,,,1.4,3.6,5.5,1.44,3.6,6.5,,,,1.4,4.0,6.5,1.36,3.75,8.0,0102
3,E0,18/08/01,Leicester,Bolton,0,5,A,0,4,A,19987.0,R. Styles,6,18,1,8,0,0,3,5,21,17,4,0,4,3,0,0,40,30,,,,1.85,3.0,3.3,1.73,3.4,4.0,,,,1.83,3.4,3.6,1.72,3.4,4.0,0102
4,E0,18/08/01,Liverpool,West Ham,2,1,H,1,1,D,43935.0,J. T. Winter,9,3,6,3,1,0,5,3,13,12,0,6,1,5,0,0,10,50,,,,1.4,3.6,5.5,1.4,3.75,7.0,,,,1.36,4.33,6.5,1.36,3.75,8.0,0102
5,E0,18/08/01,Middlesbrough,Arsenal,0,4,A,0,1,A,31557.0,G. P. Barber,6,14,2,9,0,0,2,6,13,19,4,0,2,3,1,1,45,55,,,,2.9,2.9,2.1,3.0,3.2,2.1,,,,3.0,3.25,2.1,3.2,3.2,2.0,0102
6,E0,18/08/01,Sunderland,Ipswich,1,0,H,1,0,H,47370.0,G. Poll,12,10,6,4,0,0,1,1,22,20,5,5,0,1,0,0,0,10,,,,1.85,3.0,3.3,2.0,3.2,3.2,,,,1.91,3.4,3.4,1.83,3.3,3.6,0102
7,E0,18/08/01,Tottenham,Aston Villa,0,0,D,0,0,D,36059.0,D. J. Gallagher,8,11,2,2,1,1,6,5,12,17,1,3,3,2,0,0,30,20,,,,2.1,2.9,2.9,2.0,3.2,3.2,,,,2.0,3.25,3.25,1.9,3.25,3.4,0102
8,E0,19/08/01,Chelsea,Newcastle,1,1,D,1,0,H,40124.0,A. P. D'Urso ,13,9,8,3,0,0,12,7,19,20,2,3,3,4,0,0,30,40,,,,1.6,3.3,4.0,1.5,3.25,6.5,,,,1.57,3.6,5.0,1.57,3.25,5.5,0102
9,E0,19/08/01,Man United,Fulham,3,2,H,1,1,D,67534.0,P. Jones ,12,8,6,5,1,0,6,4,17,19,10,3,0,1,0,0,0,10,,,,1.4,3.6,5.5,1.28,4.5,8.0,,,,1.29,4.5,8.5,1.28,4.33,8.5,0102
10,E0,20/08/01,Everton,Tottenham,1,1,D,0,1,A,29503.0,D. R. Elleray ,18,7,11,2,1,0,8,0,15,12,3,1,3,2,0,2,30,70,,,,2.2,2.9,2.7,2.2,3.25,2.75,,,,2.2,3.25,2.8,2.25,3.2,2.75,0102
11,E0,21/08/01,Arsenal,Leeds,1,2,A,1,1,D,38062.0,J. T. Winter ,14,5,5,2,0,0,10,2,28,29,2,2,4,5,0,2,40,100,,,,1.8,3.0,3.5,1.8,3.2,4.0,,,,1.83,3.4,3.6,1.72,3.25,4.2,0102
12,E0,21/08/01,Bolton,Middlesbrough,1,0,H,1,0,H,20747.0,S. W. Dunn ,13,11,3,4,0,0,5,2,19,16,4,6,1,1,0,0,10,10,,,,2.2,3.0,2.6,2.2,3.25,2.75,,,,2.1,3.25,3.0,2.2,3.25,2.75,0102
13,E0,21/08/01,Ipswich,Derby,3,1,H,1,0,H,21197.0,E. K. Wolstenholme ,30,2,18,2,0,0,19,2,21,14,2,5,0,3,0,1,0,55,,,,1.65,3.2,3.9,1.67,3.25,4.5,,,,1.67,3.4,4.5,1.66,3.3,4.5,0102
14,E0,22/08/01,Blackburn,Man United,2,2,D,0,1,A,29836.0,A. G. Wiley ,12,18,5,7,2,2,3,8,18,16,4,7,2,1,1,0,45,10,,,,4.2,3.2,1.6,4.5,3.5,1.61,,,,4.5,3.4,1.67,4.5,3.3,1.66,0102
15,E0,22/08/01,Fulham,Sunderland,2,0,H,0,0,D,20197.0,B. Knight ,13,8,5,3,0,0,8,9,18,20,3,4,0,2,0,0,0,20,,,,2.0,2.9,3.0,2.37,3.2,2.6,,,,2.1,3.25,3.0,1.9,3.2,3.5,0102
16,E0,25/08/01,Arsenal,Leicester,4,0,H,2,0,H,37909.0,A. P. D'Urso ,20,2,11,0,0,0,9,0,14,20,3,1,1,4,1,1,35,65,,,,1.25,4.3,8.0,1.25,4.5,10.0,,,,1.25,5.0,8.5,1.22,5.0,9.5,0102
17,E0,25/08/01,Blackburn,Tottenham,2,1,H,1,0,H,24922.0,S. G. Bennett,12,12,7,5,1,0,3,6,14,11,4,6,1,1,0,0,10,10,,,,2.1,2.9,2.9,2.25,3.2,2.75,,,,2.25,3.25,2.75,2.3,3.1,2.75,0102
18,E0,25/08/01,Everton,Middlesbrough,2,0,H,1,0,H,32829.0,U. D. Rennie,7,5,5,1,0,0,3,6,25,23,4,3,2,1,0,0,20,10,,,,2.0,2.9,3.0,2.1,3.2,3.0,,,,1.91,3.25,3.5,2.0,3.1,3.3,0102
19,E0,25/08/01,Fulham,Derby,0,0,D,0,0,D,,M. L Dean,10,9,1,2,0,0,11,3,12,14,0,2,2,3,0,0,20,30,,,,1.55,3.3,4.5,1.5,3.4,6.0,,,,1.62,3.6,4.5,1.5,3.4,6.0,0102
20,E0,25/08/01,Ipswich,Charlton,0,1,A,0,0,D,22804.0,S. W. Dunn ,17,13,11,6,0,0,6,1,22,20,0,7,2,6,0,0,20,60,,,,1.7,3.1,3.8,1.61,3.25,5.0,,,,1.73,3.25,4.33,1.61,3.3,5.0,0102
21,E0,25/08/01,Southampton,Chelsea,0,2,A,0,1,A,31107.0,D. R. Elleray ,8,7,2,2,0,0,6,2,13,18,6,5,0,1,0,0,0,10,,,,2.9,2.9,2.1,2.75,3.2,2.25,,,,2.88,3.4,2.1,3.0,3.2,2.1,0102
22,E0,25/08/01,West Ham,Leeds,0,0,D,0,0,D,24517.0,P. A. Durkin ,11,10,3,4,0,0,5,8,19,14,3,4,3,2,0,0,30,20,,,,2.9,2.9,2.1,3.2,3.2,2.0,,,,3.25,3.25,2.0,3.1,3.3,2.0,0102
23,E0,26/08/01,Aston Villa,Man United,1,1,D,1,0,H,42632.0,G. P. Barber ,11,13,4,7,0,0,5,5,9,12,4,4,0,2,0,0,0,20,,,,3.5,3.0,1.8,4.0,3.2,1.8,,,,3.75,3.4,1.8,4.2,3.25,1.72,0102
24,E0,26/08/01,Newcastle,Sunderland,1,1,D,1,1,D,52021.0,M. A. Riley ,16,6,6,3,0,0,10,4,19,18,2,2,2,2,0,0,20,20,,,,2.0,2.9,3.0,2.2,3.2,2.8,,,,2.2,3.25,2.8,2.2,3.1,2.87,0102
25,E0,27/08/01,Bolton,Liverpool,2,1,H,1,0,H,27205.0,G. Poll ,11,18,4,7,0,0,4,6,13,11,3,4,2,2,0,0,20,20,,,,3.5,3.0,1.8,4.33,3.4,1.67,,,,5.0,3.5,1.57,5.5,3.3,1.57,0102
26,E0,08/09/01,Chelsea,Arsenal,1,1,D,1,1,D,40855.0,M. A. Riley ,10,14,5,11,0,0,5,6,20,20,1,3,1,5,1,0,35,50,,,,2.3,2.9,2.5,2.4,3.25,2.5,2.4,3.2,2.6,2.5,3.2,2.5,2.5,3.1,2.5,0102
27,E0,08/09/01,Derby,West Ham,0,0,D,0,0,D,27802.0,C. R. Wilkes,6,10,3,4,0,1,3,4,22,19,3,1,5,2,0,0,50,20,,,,2.0,2.9,3.0,2.2,3.25,2.75,2.1,3.25,3.0,2.2,3.25,2.8,2.2,3.1,2.87,0102
28,E0,08/09/01,Leeds,Bolton,0,0,D,0,0,D,40153.0,S. G. Bennett,11,8,6,4,0,0,7,5,13,17,7,0,1,1,0,0,10,10,,,,1.45,3.5,5.0,1.44,3.6,6.5,1.4,3.75,7.5,1.5,3.5,6.0,1.44,3.75,6.0,0102
29,E0,08/09/01,Leicester,Ipswich,1,1,D,0,1,A,18774.0,B. Knight,12,13,7,9,0,0,6,3,26,24,2,2,3,3,1,1,55,55,,,,2.3,3.1,2.3,2.6,3.2,2.37,2.8,3.2,2.25,2.62,3.4,2.25,2.8,3.2,2.2,0102
30,E0,08/09/01,Liverpool,Aston Villa,1,3,A,0,1,A,44102.0,A. P. D'Urso,12,10,7,7,0,0,7,0,19,14,1,2,3,1,1,0,55,10,,,,1.55,3.3,4.5,1.57,3.25,5.5,1.53,3.4,6.0,1.5,3.5,6.0,1.53,3.4,5.5,0102
31,E0,08/09/01,Man United,Everton,4,1,H,2,0,H,67534.0,D. J. Gallagher,18,5,9,1,1,2,6,2,7,11,1,3,0,1,0,0,0,10,,,,1.3,4.0,7.0,1.36,3.75,8.0,1.29,4.5,8.5,1.3,4.5,8.0,1.3,4.33,8.0,0102
32,E0,08/09/01,Middlesbrough,Newcastle,1,4,A,1,1,D,30004.0,G. Poll,8,8,4,5,0,0,3,3,15,17,4,4,1,3,1,0,35,30,,,,2.3,2.9,2.5,2.5,2.87,2.62,2.4,3.2,2.6,2.38,3.25,2.6,2.37,3.1,2.62,0102
33,E0,08/09/01,Sunderland,Blackburn,1,0,H,0,0,D,45103.0,M. L Dean,11,10,4,4,0,0,4,10,9,14,3,1,2,3,0,0,20,30,,,,1.8,3.0,3.5,1.73,3.2,4.33,1.8,3.25,4.0,1.91,3.4,3.4,1.8,3.3,3.75,0102
34,E0,09/09/01,Charlton,Fulham,1,1,D,1,1,D,20451.0,J. T. Winter,7,16,4,5,0,0,5,6,22,12,0,2,2,1,0,0,20,10,,,,2.3,2.9,2.5,2.5,3.25,2.4,2.5,3.2,2.5,2.5,3.2,2.5,2.5,3.1,2.5,0102
35,E0,09/09/01,Tottenham,Southampton,2,0,H,0,0,D,33668.0,A. G. Wiley,18,15,6,6,1,0,3,3,15,16,3,4,0,0,0,0,0,0,,,,1.65,3.2,3.9,1.8,2.87,4.5,1.67,3.25,4.75,1.62,3.6,4.5,1.57,3.3,5.5,0102
36,E0,15/09/01,Bolton,Southampton,0,1,A,0,0,D,24378.0,D. Pugh,4,10,0,6,2,0,3,2,11,19,4,4,1,1,0,0,10,10,,,,1.85,3.0,3.3,1.91,3.25,3.4,1.8,3.25,4.0,1.73,3.5,4.0,1.8,3.3,3.75,0102
37,E0,15/09/01,Derby,Leicester,2,3,A,1,1,D,26863.0,G. P. Barber,15,12,9,6,0,1,8,8,16,23,1,1,5,3,0,0,50,30,,,,1.8,3.0,3.5,1.91,3.2,3.5,1.91,3.25,3.5,1.83,3.4,3.6,1.83,3.3,3.6,0102
38,E0,15/09/01,Everton,Liverpool,1,3,A,1,2,A,39554.0,P.A. Durkin,11,13,5,9,0,0,4,2,16,13,0,2,0,1,0,0,0,10,,,,2.7,2.9,2.2,2.8,3.2,2.2,2.88,3.25,2.2,2.75,3.25,2.25,3.0,3.2,2.1,0102
39,E0,15/09/01,Fulham,Arsenal,1,3,A,0,1,A,20805.0,A.G. Wiley,6,11,3,6,0,0,4,5,18,20,3,0,3,4,0,0,30,40,,,,2.7,2.9,2.2,2.75,3.2,2.25,2.88,3.1,2.25,2.8,3.25,2.2,2.87,3.1,2.2,0102
40,E0,15/09/01,Middlesbrough,West Ham,2,0,H,2,0,H,25445.0,M. A. Riley,13,5,5,1,0,0,8,1,16,23,2,3,2,3,0,1,20,55,,,,2.1,2.9,2.9,2.25,3.2,2.75,2.25,3.2,2.8,2.25,3.4,2.62,2.2,3.1,2.87,0102
41,E0,15/09/01,Newcastle,Man United,4,3,H,2,1,H,52056.0,S. G. Bennett,15,10,8,7,0,0,8,5,17,16,3,4,2,1,0,1,20,35,,,,2.9,3.0,2.0,4.0,3.2,1.8,3.5,3.25,1.91,3.25,3.25,2.0,3.4,3.25,1.9,0102
42,E0,16/09/01,Aston Villa,Sunderland,0,0,D,0,0,D,31688.0,U. D. Rennie,8,4,3,2,0,0,10,3,20,25,1,3,0,4,0,0,0,40,,,,1.75,3.1,3.6,1.91,3.2,3.5,1.85,3.2,3.8,1.83,3.4,3.6,1.8,3.1,4.0,0102
43,E0,16/09/01,Charlton,Leeds,0,2,A,0,1,A,20451.0,M. R. Halsey,9,20,4,9,0,1,8,9,13,14,2,1,2,1,1,0,45,10,,,,2.9,2.9,2.1,3.0,3.2,2.1,3.1,3.25,2.05,3.4,3.4,1.91,3.5,3.2,1.9,0102
44,E0,16/09/01,Ipswich,Blackburn,1,1,D,1,0,H,22126.0,G. Poll,20,6,10,4,1,0,6,13,8,15,0,3,3,1,0,0,30,10,,,,1.85,3.0,3.3,1.83,3.2,3.75,1.83,3.25,3.8,1.83,3.25,3.75,1.9,3.25,3.4,0102
45,E0,16/09/01,Tottenham,Chelsea,2,3,A,0,1,A,36037.0,S. W. Dunn,11,6,4,4,1,0,6,6,10,12,1,3,1,4,0,1,10,65,,,,2.7,2.9,2.2,2.5,3.25,2.4,2.62,3.2,2.38,2.5,3.2,2.5,2.6,3.1,2.4,0102
46,E0,17/09/01,Leicester,Middlesbrough,1,2,A,1,0,H,15412.0,N. S. Barry,10,13,5,6,0,2,4,2,19,15,4,3,0,1,0,0,0,10,,,,2.3,3.0,2.4,2.2,3.25,2.87,2.2,3.25,2.8,2.2,3.4,2.75,2.2,3.2,2.8,0102
47,E0,19/09/01,Blackburn,Bolton,1,1,D,0,0,D,25949.0,J. T. Winter,20,10,8,5,1,0,10,2,14,15,6,2,0,4,0,0,0,40,,,,2.0,2.9,3.0,1.8,3.2,4.0,1.91,3.25,3.5,1.91,3.4,3.4,1.83,3.3,3.6,0102
48,E0,19/09/01,Sunderland,Tottenham,1,2,A,0,1,A,47310.0,P. A. Durkin,14,13,8,6,0,0,11,4,9,14,4,3,1,2,0,0,10,20,,,,1.8,3.0,3.5,1.83,3.2,3.75,1.85,3.25,3.75,1.83,3.4,3.6,1.9,3.25,3.4,0102
49,E0,22/09/01,Arsenal,Bolton,1,1,D,0,0,D,38014.0,C. R. Wilkes,23,7,12,4,1,0,17,0,9,11,7,1,1,1,0,1,10,35,,,,1.35,3.8,6.2,1.25,4.5,10.0,1.3,4.33,9.0,1.33,4.33,7.5,1.28,4.5,8.0,0102
50,E0,22/09/01,Blackburn,Everton,1,0,H,1,0,H,27732.0,G. P. Barber,13,14,6,7,1,1,5,4,18,17,5,4,1,2,0,0,10,20,,,,1.9,2.9,3.2,2.1,3.2,3.0,2.0,3.2,3.3,1.91,3.4,3.4,1.9,3.2,3.5,0102
51,E0,22/09/01,Leicester,Fulham,0,0,D,0,0,D,18918.0,E. K. Wolstenholme,12,6,5,2,0,0,4,4,15,21,1,0,2,2,0,0,20,20,,,,2.4,2.9,2.4,2.75,3.25,2.2,2.75,3.25,2.25,2.62,3.2,2.38,3.0,3.2,2.1,0102
52,E0,22/09/01,Liverpool,Tottenham,1,0,H,0,0,D,44116.0,D. J. Gallagher,14,11,6,5,1,0,2,5,12,9,3,1,0,1,0,0,0,10,,,,1.5,3.4,4.7,1.44,3.6,6.5,1.5,3.6,6.0,1.5,3.5,6.0,1.5,3.4,6.0,0102
53,E0,22/09/01,Man United,Ipswich,4,0,H,2,0,H,67551.0,N. S. Barry,13,8,8,1,0,0,8,4,14,17,7,4,0,1,0,0,0,10,,,,1.35,3.8,6.2,1.33,4.0,8.0,1.3,4.5,8.0,1.3,4.5,8.0,1.25,4.5,10.0,0102
54,E0,22/09/01,Sunderland,Charlton,2,2,D,0,1,A,46825.0,A. P. D'Urso,22,13,13,5,0,0,9,8,20,13,0,4,2,3,0,0,20,30,,,,1.6,3.2,4.2,1.61,3.25,5.0,1.67,3.25,4.8,1.67,3.4,4.5,1.61,3.3,5.0,0102
55,E0,23/09/01,Chelsea,Middlesbrough,2,2,D,2,0,H,36767.0,R. Styles,8,4,3,2,0,0,8,2,17,15,0,4,4,1,0,0,40,10,,,,1.45,3.5,5.0,1.44,3.6,6.5,1.44,3.75,6.5,1.44,3.75,6.5,1.44,3.6,6.5,0102
56,E0,23/09/01,Leeds,Derby,3,0,H,1,0,H,39155.0,A. G. Wiley,19,9,10,2,0,0,9,3,26,17,2,4,1,2,0,0,10,20,,,,1.35,3.8,6.2,1.33,4.0,8.0,1.33,4.0,8.5,1.33,4.33,7.5,1.36,3.6,9.0,0102
57,E0,23/09/01,West Ham,Newcastle,3,0,H,1,0,H,28840.0,P. Jones,17,8,9,5,0,0,10,7,20,17,5,5,3,0,0,0,30,0,,,,2.4,2.9,2.4,2.5,3.25,2.4,2.5,3.2,2.5,2.5,3.2,2.5,2.62,3.2,2.3,0102
58,E0,24/09/01,Southampton,Aston Villa,1,3,A,1,2,A,26794.0,S. W. Dunn,12,11,4,5,0,1,2,3,15,18,0,4,1,2,1,1,35,45,,,,2.4,2.9,2.4,2.75,3.2,2.25,2.7,3.2,2.3,2.62,3.2,2.38,2.7,3.0,2.4,0102
59,E0,26/09/01,Newcastle,Leicester,1,0,H,1,0,H,49185.0,D. Pugh,12,2,6,2,0,0,10,1,17,27,5,5,2,3,0,0,20,30,,,,1.5,3.4,4.7,1.57,3.25,5.5,1.53,3.5,5.5,1.5,3.5,6.0,1.53,3.4,5.5,0102
60,E0,29/09/01,Bolton,Sunderland,0,2,A,0,0,D,24520.0,D. R. Elleray,15,14,8,7,0,0,8,4,10,13,5,11,1,1,0,0,10,10,,,,2.1,2.9,2.9,2.62,2.87,2.5,2.3,3.2,2.75,2.25,3.25,2.75,2.2,3.2,2.8,0102
61,E0,29/09/01,Charlton,Leicester,2,0,H,1,0,H,20451.0,M. L. Dean,14,9,12,6,1,0,4,4,12,11,4,2,1,2,1,1,35,45,,,,1.85,3.0,3.3,1.83,3.2,3.75,1.83,3.3,3.8,1.83,3.5,3.5,1.83,3.2,3.75,0102
62,E0,29/09/01,Derby,Arsenal,0,2,A,0,1,A,29200.0,R. Styles,7,11,5,6,0,0,2,5,18,19,4,3,3,3,0,1,30,55,,,,3.3,3.0,1.85,3.5,3.2,1.91,3.8,3.25,1.83,3.6,3.4,1.83,4.0,3.1,1.8,0102
63,E0,29/09/01,Everton,West Ham,5,0,H,1,0,H,32049.0,P. A. Durkin,18,15,11,5,0,1,8,4,15,8,0,4,0,0,0,0,0,0,,,,2.0,2.9,3.0,1.91,3.2,3.5,2.0,3.25,3.4,2.0,3.25,3.25,1.9,3.25,3.4,0102
64,E0,29/09/01,Middlesbrough,Southampton,1,3,A,0,0,D,26142.0,A. G. Wiley,5,8,3,4,1,1,6,0,16,17,4,3,0,1,0,0,0,10,,,,1.75,3.1,3.6,1.73,3.4,4.0,1.73,3.25,4.33,1.73,3.5,4.0,1.72,3.25,4.2,0102
65,E0,29/09/01,Tottenham,Man United,3,5,A,3,0,H,36038.0,J. T. Winter,7,18,3,9,0,0,4,7,16,10,3,2,3,3,0,0,30,30,,,,2.9,2.9,2.1,3.0,3.2,2.1,3.6,3.25,1.9,3.4,3.4,1.91,3.2,3.2,2.0,0102
66,E0,30/09/01,Aston Villa,Blackburn,2,0,H,0,0,D,28623.0,M. R. Halsey,5,4,2,1,0,1,2,8,9,15,3,4,2,2,0,0,20,20,,,,1.8,3.0,3.5,1.61,3.25,5.0,1.8,3.1,4.33,1.8,3.25,4.0,1.72,3.2,4.33,0102
67,E0,30/09/01,Fulham,Chelsea,1,1,D,0,1,A,21159.0,G. Poll,4,9,1,3,0,1,5,7,5,14,5,0,1,4,0,1,10,65,,,,2.4,2.9,2.4,2.6,3.2,2.37,2.5,3.2,2.5,2.5,3.4,2.38,2.62,2.9,2.5,0102
68,E0,30/09/01,Ipswich,Leeds,1,2,A,1,0,H,22643.0,A. P. D'Urso,11,11,6,7,1,0,10,8,8,8,0,11,0,1,0,0,0,10,,,,2.9,2.9,2.1,3.0,3.2,2.1,3.25,3.25,2.0,3.25,3.25,2.0,3.2,3.0,2.1,0102
69,E0,30/09/01,Newcastle,Liverpool,0,2,A,0,1,A,52095.0,G. P. Barber,7,6,3,2,0,0,7,0,14,23,3,5,1,4,0,0,10,40,,,,2.4,2.9,2.4,2.6,3.2,2.37,2.7,3.25,2.3,2.75,3.25,2.25,2.75,3.1,2.3,0102
70,E0,13/10/01,Bolton,Newcastle,0,4,A,0,1,A,25631.0,M. A. Riley,9,15,3,8,0,1,7,8,10,9,2,6,2,2,1,0,45,20,,,,2.5,3.0,2.5,2.4,3.25,2.5,,,,2.5,3.2,2.5,2.4,3.1,2.6,0102
71,E0,13/10/01,Charlton,Middlesbrough,0,0,D,0,0,D,20451.0,D. R. Elleray,8,11,4,4,0,0,13,4,14,13,6,0,2,1,0,0,20,10,,,,2.2,3.0,2.9,2.0,3.2,3.2,,,,1.91,3.25,3.5,2.0,3.2,3.2,0102
72,E0,13/10/01,Chelsea,Leicester,2,0,H,2,0,H,40370.0,J. T. Winter,22,8,10,2,1,0,5,3,9,13,1,5,0,0,0,0,0,0,,,,1.35,4.0,7.0,1.33,4.0,8.0,,,,1.36,4.33,6.5,1.28,4.5,8.0,0102
73,E0,13/10/01,Ipswich,Everton,0,0,D,0,0,D,22820.0,C. R. Wilkes,7,9,4,6,0,0,8,6,8,5,4,7,0,1,0,0,0,10,,,,2.0,3.1,3.2,2.2,3.2,2.8,,,,2.0,3.25,3.25,2.0,3.2,3.2,0102
74,E0,13/10/01,Liverpool,Leeds,1,1,D,0,1,A,44352.0,A. G. Wiley,10,9,2,3,1,0,6,4,11,14,0,2,3,2,0,0,30,20,,,,2.0,3.1,3.2,,,,,,,2.1,3.25,3.0,2.2,3.2,2.8,0102
75,E0,13/10/01,Southampton,Arsenal,0,2,A,0,1,A,29759.0,G. P. Barber,3,21,0,8,0,2,1,6,15,9,2,7,2,1,1,0,45,10,,,,3.6,3.2,1.8,4.33,3.2,1.73,,,,4.0,3.4,1.73,4.33,3.2,1.72,0102
76,E0,13/10/01,Sunderland,Man United,1,3,A,0,1,A,48305.0,G. Poll,15,13,7,8,1,2,3,4,12,15,1,8,0,0,0,0,0,0,,,,3.2,3.1,2.0,3.2,3.2,2.0,,,,3.4,3.4,1.91,3.5,3.2,1.9,0102
77,E0,14/10/01,Aston Villa,Fulham,2,0,H,0,0,D,28579.0,P. A. Durkin,9,11,3,3,0,0,5,2,9,8,3,0,1,1,0,0,10,10,,,,1.8,3.1,3.8,1.8,3.2,4.0,,,,1.8,3.25,4.0,1.9,3.0,3.75,0102
78,E0,14/10/01,Blackburn,West Ham,7,1,H,3,1,H,22712.0,A. P. D'Urso,24,12,14,5,0,0,7,7,8,6,2,0,1,3,0,1,10,55,,,,1.85,3.1,3.6,1.8,3.2,4.0,,,,1.8,3.4,3.75,1.83,3.2,3.75,0102
79,E0,15/10/01,Tottenham,Derby,3,1,H,2,1,H,30148.0,M. R. Halsey,24,8,12,6,1,0,16,2,11,6,3,2,0,2,0,0,0,20,,,,1.6,3.4,4.6,1.5,3.4,6.0,,,,1.53,3.5,5.5,1.53,3.4,5.5,0102
80,E0,20/10/01,Arsenal,Blackburn,3,3,D,0,1,A,38108.0,U. D. Rennie,18,9,11,5,0,0,5,4,13,20,5,8,1,2,0,0,10,20,1.34,4.0,8.0,1.4,3.9,6.0,1.3,4.33,8.0,,,,1.33,4.33,7.5,,,,0102
81,E0,20/10/01,Derby,Charlton,1,1,D,1,0,H,30221.0,A. P. D'Urso,10,11,5,7,0,0,5,5,12,11,7,5,3,0,0,0,30,0,2.3,3.0,2.9,2.1,3.0,3.1,2.37,3.2,2.6,,,,2.38,3.2,2.6,2.25,3.2,2.75,0102
82,E0,20/10/01,Everton,Aston Villa,3,2,H,1,0,H,33352.0,R. Styles,10,11,6,3,0,0,8,4,15,14,5,5,0,1,0,0,0,10,2.5,3.1,2.55,2.5,3.0,2.5,2.4,3.25,2.5,,,,2.5,3.2,2.5,2.62,2.9,2.5,0102
83,E0,20/10/01,Leicester,Liverpool,1,4,A,0,3,A,21886.0,M. R. Halsey,8,12,3,6,0,0,6,6,11,13,1,1,1,2,0,0,10,20,4.35,3.35,1.7,4.0,3.3,1.7,4.5,3.25,1.67,,,,4.33,3.25,1.73,4.5,3.3,1.66,0102
84,E0,20/10/01,Man United,Bolton,1,2,A,1,1,D,67559.0,G. P. Barber,13,7,6,2,0,0,8,0,11,6,4,7,0,0,0,0,0,0,1.17,5.25,13.0,1.25,4.5,9.0,1.17,5.5,12.0,,,,1.2,5.5,10.0,1.16,5.5,12.0,0102
85,E0,20/10/01,West Ham,Southampton,2,0,H,0,0,D,25842.0,N. S. Barry,20,10,8,3,1,0,10,7,16,16,3,1,0,1,0,1,0,35,1.9,3.3,3.55,2.0,3.1,3.2,1.91,3.2,3.5,,,,2.0,3.25,3.25,1.9,3.2,3.5,0102
86,E0,21/10/01,Fulham,Ipswich,1,1,D,1,0,H,17221.0,M. A. Riley,7,6,3,2,0,0,3,3,25,17,3,9,2,3,1,0,45,30,1.8,3.2,4.0,1.8,3.1,3.8,1.73,3.4,4.0,,,,1.8,3.25,4.0,1.72,3.2,4.33,0102
87,E0,21/10/01,Leeds,Chelsea,0,0,D,0,0,D,40171.0,P. A. Durkin,18,14,12,6,0,1,10,8,20,17,0,0,2,3,0,0,20,30,1.85,3.2,3.8,1.9,3.1,3.5,1.8,3.2,4.0,,,,1.8,3.25,4.0,1.72,3.25,4.2,0102
88,E0,21/10/01,Newcastle,Tottenham,0,2,A,0,2,A,50593.0,A. G. Wiley,8,9,3,3,0,1,7,2,16,10,6,3,2,1,0,0,20,10,1.85,3.2,3.8,1.85,3.2,3.5,1.83,3.2,3.75,,,,1.83,3.4,3.6,1.83,3.2,3.75,0102
89,E0,22/10/01,Middlesbrough,Sunderland,2,0,H,2,0,H,28432.0,M. R. Halsey,7,15,5,5,0,0,4,5,18,16,5,3,1,2,1,0,35,20,2.45,3.1,2.55,2.4,3.0,2.6,2.5,2.87,2.62,,,,2.2,3.25,2.8,2.5,2.9,2.62,0102
90,E0,24/10/01,Aston Villa,Charlton,1,0,H,1,0,H,27701.0,D. Pugh,16,4,6,0,0,0,3,4,6,8,1,5,0,0,0,0,0,0,1.6,3.45,5.0,1.55,3.5,4.8,1.57,3.5,5.0,1.62,3.4,5.0,1.62,3.4,5.0,1.57,3.5,5.0,0102
91,E0,24/10/01,Southampton,Ipswich,3,3,D,2,1,H,29614.0,U. D. Rennie,11,10,6,5,0,0,4,7,14,5,2,0,2,1,0,0,20,10,2.3,3.2,2.7,2.2,3.0,2.9,2.4,3.25,2.5,2.2,3.25,2.75,2.25,3.25,2.75,2.25,3.2,2.75,0102
92,E0,24/10/01,West Ham,Chelsea,2,1,H,2,1,H,26520.0,D. J. Gallagher,10,15,4,5,0,1,1,8,11,6,1,4,0,0,0,0,0,0,2.95,3.2,2.15,3.2,3.1,2.0,3.0,3.2,2.1,2.9,3.2,2.2,2.8,3.25,2.2,2.87,3.1,2.2,0102
93,E0,27/10/01,Aston Villa,Bolton,3,2,H,2,1,H,33599.0,E. K. Wolstenholme,10,9,7,5,0,0,6,2,13,16,8,3,2,3,0,0,20,30,1.65,3.35,4.85,1.6,3.4,4.6,1.57,3.25,5.5,1.57,3.4,5.5,1.62,3.4,5.0,1.57,3.4,5.5,0102
94,E0,27/10/01,Charlton,Liverpool,0,2,A,0,2,A,22887.0,P. Jones,14,5,4,4,0,0,13,1,12,13,2,5,0,1,0,1,0,35,,,,3.5,3.1,1.9,3.75,3.25,1.8,3.6,3.2,1.91,3.75,3.4,1.8,3.75,3.4,1.8,0102
95,E0,27/10/01,Everton,Newcastle,1,3,A,0,1,A,37524.0,J. T. Winter,18,6,8,4,0,0,13,3,8,15,3,1,1,2,0,0,10,20,2.2,3.2,2.9,2.2,3.0,2.9,2.0,3.2,3.2,2.1,3.2,3.1,2.1,3.25,3.0,,,,0102
96,E0,27/10/01,Fulham,Southampton,2,1,H,2,1,H,18771.0,A. P. D'Urso,19,11,5,5,0,0,6,4,8,14,0,4,0,2,0,0,0,20,1.7,3.3,4.5,1.7,3.2,4.2,1.67,3.25,4.5,1.62,3.4,5.0,1.62,3.6,4.5,1.67,3.25,4.5,0102
97,E0,27/10/01,Man United,Leeds,1,1,D,0,0,D,67555.0,D. J. Gallagher,18,12,6,6,1,0,6,2,16,15,0,4,3,3,0,0,30,30,1.75,3.3,4.15,1.75,3.2,4.0,1.73,3.4,4.0,1.83,3.2,4.0,1.8,3.25,4.0,1.8,3.1,4.0,0102
98,E0,27/10/01,Sunderland,Arsenal,1,1,D,0,1,A,48029.0,M. A. Riley,10,14,6,5,0,1,7,6,12,22,5,3,3,3,0,0,30,30,3.4,3.25,1.95,3.2,3.1,2.0,3.5,3.2,1.91,3.5,3.2,1.91,3.75,3.4,1.8,3.5,3.2,1.91,0102
99,E0,27/10/01,Tottenham,Middlesbrough,2,1,H,0,1,A,36062.0,M. L Dean,10,8,4,3,1,0,8,5,11,12,6,7,0,0,0,0,0,0,1.65,3.3,4.8,1.7,3.3,4.0,1.5,3.4,6.0,1.62,3.4,5.0,1.62,3.6,4.5,,,,0102
100,E0,28/10/01,Derby,Chelsea,1,1,D,1,0,H,28910.0,S. G. Bennett,13,19,8,8,0,1,4,10,14,11,7,4,1,4,0,0,10,40,3.85,3.3,1.75,3.6,3.1,1.85,4.33,3.2,1.73,4.2,3.25,1.75,4.5,3.2,1.73,4.2,3.3,1.72,0102
101,E0,28/10/01,Ipswich,West Ham,2,3,A,0,1,A,22834.0,S. W. Dunn,12,12,8,4,0,1,8,9,16,11,1,2,2,2,0,0,20,20,1.9,3.2,3.65,1.9,3.1,3.5,1.91,3.25,3.4,1.91,3.25,3.5,1.91,3.25,3.5,2.0,3.2,3.2,0102
102,E0,29/10/01,Blackburn,Leicester,0,0,D,0,0,D,21873.0,R. Styles,12,10,3,5,0,0,7,1,11,7,3,3,6,2,0,0,60,20,1.45,3.75,6.25,1.45,3.8,5.4,1.44,3.6,6.5,1.45,3.5,7.0,1.5,3.5,6.0,1.4,3.75,7.0,0102
103,E0,03/11/01,Bolton,Everton,2,2,D,1,1,D,27343.0,A. P. D'Urso,16,11,8,6,0,0,9,3,13,13,2,7,4,2,1,0,65,20,2.15,3.1,3.05,2.4,3.0,2.6,2.2,3.25,2.75,2.25,3.2,2.8,2.2,3.25,2.8,2.2,3.25,2.75,0102
104,E0,03/11/01,Leicester,Sunderland,1,0,H,0,0,D,20573.0,S. W. Dunn,9,11,5,4,0,0,7,7,13,20,2,3,1,3,0,0,10,30,2.5,3.2,2.47,2.7,3.0,2.3,2.6,3.2,2.37,2.6,3.2,2.4,2.62,3.2,2.38,2.62,3.1,2.37,0102
105,E0,03/11/01,Middlesbrough,Derby,5,1,H,0,0,D,28117.0,N. S. Barry,11,6,7,4,1,1,6,4,10,12,4,9,0,1,0,0,0,10,1.7,3.35,4.35,1.7,3.2,4.2,1.73,3.2,4.33,1.73,3.3,4.33,1.73,3.25,4.33,1.72,3.2,4.33,0102
106,E0,03/11/01,Newcastle,Aston Villa,3,0,H,1,0,H,51057.0,C. R. Wilkes,17,10,7,2,1,0,13,8,15,7,2,0,0,3,0,0,0,30,2.25,3.15,2.82,2.1,3.0,3.1,2.37,3.2,2.6,2.3,3.2,2.75,2.38,3.2,2.6,,,,0102
107,E0,03/11/01,Southampton,Blackburn,1,2,A,1,1,D,30523.0,A. G. Wiley,16,6,6,5,1,0,10,4,19,18,3,5,1,1,0,0,10,10,2.4,3.1,2.65,2.2,3.0,2.9,2.4,3.25,2.5,2.3,3.2,2.7,2.5,3.2,2.5,2.37,3.1,2.62,0102
108,E0,03/11/01,West Ham,Fulham,0,2,A,0,1,A,26217.0,G. P. Barber,12,14,6,6,1,0,10,8,13,18,3,0,1,3,0,0,10,30,2.05,3.15,3.25,2.1,3.0,3.1,2.0,3.2,3.2,2.1,3.2,3.1,2.1,3.25,3.0,,,,0102
109,E0,04/11/01,Arsenal,Charlton,2,4,A,1,2,A,38010.0,M. R. Halsey,26,9,12,4,2,1,4,6,9,11,2,6,3,2,0,0,30,20,1.3,4.45,8.1,1.4,3.9,6.0,1.33,4.0,8.0,1.3,4.33,8.5,1.29,4.5,8.5,1.25,4.5,10.0,0102
110,E0,04/11/01,Chelsea,Ipswich,2,1,H,1,0,H,40497.0,R. Styles,15,7,6,3,0,0,5,6,12,17,2,1,0,2,0,0,0,20,1.4,3.8,7.0,1.45,3.8,5.4,1.4,3.75,7.0,1.44,3.75,6.5,1.4,4.0,6.5,1.44,3.6,6.5,0102
111,E0,04/11/01,Leeds,Tottenham,2,1,H,0,0,D,40203.0,S. G. Bennett,20,11,9,4,1,0,7,3,9,15,4,1,1,3,0,0,10,30,1.55,3.45,5.4,1.6,3.4,4.6,1.61,3.25,5.0,1.53,3.5,5.5,1.53,3.5,5.5,1.57,3.3,5.5,0102
112,E0,04/11/01,Liverpool,Man United,3,1,H,2,0,H,44361.0,G. Poll,8,10,5,3,0,0,1,1,9,13,3,1,0,0,0,0,0,0,2.45,2.9,2.75,2.2,3.0,2.9,2.37,2.87,2.8,2.4,3.2,2.6,,,,2.4,2.9,2.75,0102
113,E0,17/11/01,Aston Villa,Middlesbrough,0,0,D,0,0,D,35421.0,P. Jones,8,11,5,2,1,1,5,3,16,9,7,3,1,2,0,0,10,20,1.62,3.4,4.9,1.6,3.4,4.6,1.57,3.25,5.5,1.57,3.4,5.5,1.62,3.4,5.0,1.61,3.3,5.0,0102
114,E0,17/11/01,Blackburn,Liverpool,1,1,D,0,1,A,28859.0,M. A. Riley,5,5,5,2,0,0,6,3,17,10,3,5,2,0,0,0,20,0,3.4,3.1,2.0,3.1,3.0,2.1,3.2,3.2,2.0,3.1,3.2,2.1,3.25,3.25,2.0,3.6,3.3,1.83,0102
115,E0,17/11/01,Derby,Southampton,1,0,H,1,0,H,36062.0,P. A. Durkin,9,8,3,4,0,1,7,6,13,13,4,2,0,1,0,0,0,10,2.1,3.1,3.15,2.0,3.1,3.2,2.2,3.25,2.75,2.0,3.25,3.25,2.0,3.25,3.25,2.0,3.2,3.2,0102
116,E0,17/11/01,Fulham,Newcastle,3,1,H,2,0,H,21159.0,E. K. Wolstenholme,8,7,8,1,0,0,4,4,10,18,0,2,0,6,0,0,0,60,2.33,3.05,2.8,2.2,3.0,2.9,2.1,3.2,3.0,2.2,3.2,2.88,2.25,3.25,2.75,2.2,3.2,2.8,0102
117,E0,17/11/01,Man United,Leicester,2,0,H,1,0,H,67651.0,A. P. D'Urso,14,8,7,4,2,1,10,4,10,10,6,2,2,1,0,0,20,10,1.22,5.2,9.5,1.25,4.5,9.0,1.25,4.5,10.0,1.22,5.0,10.0,1.2,5.5,10.0,1.2,5.0,11.0,0102
118,E0,17/11/01,Tottenham,Arsenal,1,1,D,0,0,D,36048.0,J. T. Winter,9,5,4,5,1,0,9,6,18,16,2,6,2,1,0,0,20,10,2.8,3.05,2.28,2.7,2.9,2.4,2.5,2.87,2.62,2.6,3.1,2.5,2.6,3.0,2.5,2.62,2.9,2.5,0102
119,E0,18/11/01,Everton,Chelsea,0,0,D,0,0,D,30555.0,M. R. Halsey,12,14,4,7,0,1,8,4,11,11,2,1,1,3,0,0,10,30,2.6,3.0,2.5,2.7,2.9,2.4,2.6,3.2,2.37,2.6,3.2,2.4,2.6,3.2,2.38,2.6,3.1,2.4,0102
120,E0,18/11/01,Ipswich,Bolton,1,2,A,1,2,A,22335.0,S. G. Bennett,8,10,4,5,2,0,12,2,8,16,2,1,0,2,0,0,0,20,2.12,3.1,3.1,2.0,3.1,3.2,,,,2.0,3.25,3.25,2.0,3.25,3.25,2.2,3.25,2.75,0102
121,E0,18/11/01,Sunderland,Leeds,2,0,H,0,0,D,48005.0,G. P. Barber,12,12,5,6,1,0,5,3,25,11,3,5,1,3,0,0,10,30,2.8,3.25,2.2,3.2,3.1,2.0,3.0,3.2,2.1,2.9,3.2,2.2,3.4,3.4,1.91,2.62,3.25,2.3,0102
122,E0,19/11/01,Charlton,West Ham,4,4,D,2,2,D,23198.0,A. G. Wiley,18,11,9,7,0,0,13,4,8,13,2,0,1,2,0,0,10,20,2.3,3.1,2.8,2.2,3.0,2.9,2.25,3.2,2.75,2.25,3.2,2.8,2.2,3.25,2.8,2.25,3.1,2.8,0102
123,E0,24/11/01,Bolton,Fulham,0,0,D,0,0,D,23848.0,M. L Dean,11,7,5,1,0,0,2,3,11,9,6,3,1,1,0,0,10,10,2.3,3.1,2.8,2.3,3.0,2.7,2.25,3.2,2.75,2.38,3.2,2.62,2.38,3.2,2.6,2.37,3.3,2.5,0102
124,E0,24/11/01,Chelsea,Blackburn,0,0,D,0,0,D,37978.0,G. Poll,14,8,8,2,0,0,7,3,13,7,1,9,0,2,0,0,0,20,1.6,3.4,5.1,1.65,3.3,4.4,1.61,3.25,5.0,1.62,3.4,5.0,1.57,3.6,5.0,1.61,3.3,5.0,0102
125,E0,24/11/01,Leicester,Everton,0,0,D,0,0,D,21539.0,U. D. Rennie,8,8,7,3,0,0,7,2,18,21,1,3,2,1,0,0,20,10,2.45,3.0,2.7,2.3,3.0,2.7,2.5,2.87,2.62,2.38,3.1,2.7,2.38,3.2,2.6,2.37,3.1,2.62,0102
126,E0,24/11/01,Newcastle,Derby,1,0,H,1,0,H,50070.0,R. Styles,17,8,10,4,0,0,8,6,10,14,3,6,1,2,0,0,10,20,1.45,3.6,6.7,1.5,3.7,5.0,1.44,3.6,6.5,1.44,3.6,7.0,1.44,3.75,6.5,1.44,3.6,6.5,0102
127,E0,24/11/01,Southampton,Charlton,1,0,H,0,0,D,31198.0,D. J. Gallagher,15,7,8,4,0,1,10,5,10,16,4,2,0,1,0,0,0,10,2.3,3.15,2.75,2.2,3.0,2.9,2.4,3.25,2.5,2.25,3.2,2.75,2.25,3.25,2.75,2.25,3.2,2.75,0102
128,E0,24/11/01,West Ham,Tottenham,0,1,A,0,0,D,32780.0,D. R. Elleray,10,10,6,3,0,3,4,2,18,13,1,15,2,2,0,0,20,20,2.55,3.1,2.5,2.4,3.0,2.6,2.6,3.2,2.37,2.5,3.1,2.6,2.5,3.2,2.5,2.5,3.1,2.5,0102
129,E0,25/11/01,Arsenal,Man United,3,1,H,0,1,A,38174.0,P. Jones,14,2,10,1,0,0,11,2,12,19,1,4,2,3,0,0,20,30,2.45,3.0,2.7,2.3,3.0,2.7,2.37,3.2,2.6,2.5,3.2,2.5,,,,2.5,3.1,2.5,0102
130,E0,25/11/01,Leeds,Aston Villa,1,1,D,1,1,D,40159.0,N. S. Barry,16,15,9,8,1,0,7,6,15,15,1,1,2,2,1,0,45,20,1.85,3.1,3.95,1.8,3.1,3.8,1.67,3.25,4.5,2.0,3.2,3.3,1.8,3.4,3.75,1.9,3.1,3.6,0102
131,E0,25/11/01,Liverpool,Sunderland,1,0,H,1,0,H,43537.0,S. G. Bennett,7,12,3,5,0,0,4,3,9,12,6,1,1,3,1,0,35,30,1.4,3.9,7.0,1.45,3.8,5.4,1.5,3.4,6.0,1.5,3.5,6.0,1.4,3.75,7.5,1.44,3.5,7.0,0102
132,E0,25/11/01,Middlesbrough,Ipswich,0,0,D,0,0,D,32586.0,D. Pugh,9,11,4,3,0,2,3,5,5,8,2,2,0,0,0,0,0,0,1.75,3.2,4.3,1.75,3.2,4.0,1.67,3.25,4.5,1.73,3.25,4.33,1.67,3.4,4.5,1.66,3.4,4.33,0102
133,E0,01/12/01,Aston Villa,Leicester,0,2,A,0,1,A,30711.0,S. G. Bennett,11,6,7,4,0,0,7,8,8,14,0,3,0,4,1,0,25,40,1.47,3.6,6.6,1.5,3.5,5.4,1.5,3.4,6.0,1.5,3.4,6.5,1.5,3.4,6.5,1.5,3.3,6.5,0102
134,E0,01/12/01,Blackburn,Middlesbrough,0,1,A,0,1,A,23849.0,B. Knight,14,8,4,5,1,0,7,3,8,9,5,2,1,2,0,0,10,20,1.85,3.2,3.8,1.85,3.1,3.6,1.8,3.2,4.0,1.83,3.1,4.0,1.83,3.25,3.75,1.9,3.0,3.75,0102
135,E0,01/12/01,Charlton,Newcastle,1,1,D,0,0,D,24151.0,A. P. D'Urso,15,12,7,6,0,1,3,7,7,11,3,4,1,2,0,1,10,45,2.62,3.05,2.47,2.5,3.0,2.5,2.37,3.2,2.6,2.5,3.2,2.5,2.5,3.2,2.5,2.5,3.1,2.5,0102
136,E0,01/12/01,Derby,Liverpool,0,1,A,0,1,A,33289.0,G. P. Barber,12,7,4,5,0,0,5,9,9,14,5,5,1,2,0,0,10,20,4.4,3.35,1.7,3.8,3.1,1.8,4.5,3.5,1.61,4.2,3.4,1.73,4.5,3.4,1.67,4.5,3.3,1.66,0102
137,E0,01/12/01,Ipswich,Arsenal,0,2,A,0,1,A,24666.0,D. R. Elleray,7,7,2,3,0,0,12,5,4,9,0,3,0,2,0,0,0,20,3.9,3.3,1.8,3.5,3.1,1.9,4.33,3.2,1.73,3.75,3.25,1.85,4.0,3.25,1.8,4.0,3.1,1.8,0102
138,E0,01/12/01,Man United,Chelsea,0,3,A,0,1,A,67544.0,A. G. Wiley,12,14,5,5,0,1,7,2,9,16,5,4,2,3,0,0,20,30,1.62,3.4,4.9,1.75,3.2,4.0,1.61,3.25,5.0,1.67,3.25,5.0,1.62,3.4,5.0,1.66,3.1,5.0,0102
139,E0,01/12/01,Sunderland,West Ham,1,0,H,0,0,D,47437.0,P. Jones,15,10,6,5,0,1,3,3,12,16,5,4,3,0,0,0,30,0,1.8,3.25,3.95,1.8,3.1,3.8,1.73,3.2,4.33,1.73,3.25,4.33,1.83,3.25,3.75,1.8,3.1,4.0,0102
140,E0,02/12/01,Everton,Southampton,2,0,H,0,0,D,28138.0,J.T. Winter,13,10,7,4,0,0,5,6,19,13,3,2,0,1,0,0,0,10,1.8,3.35,3.8,1.8,3.1,3.8,1.8,3.2,4.0,1.8,3.2,4.0,1.73,3.25,4.33,1.9,3.25,3.4,0102
141,E0,02/12/01,Fulham,Leeds,0,0,D,0,0,D,20918.0,G. Poll,13,6,5,5,1,0,5,5,11,21,2,2,1,2,0,0,10,20,2.7,3.15,2.35,2.5,3.0,2.5,2.6,3.2,2.37,2.75,3.2,2.3,2.62,3.2,2.38,2.75,3.1,2.3,0102
142,E0,03/12/01,Tottenham,Bolton,3,2,H,0,1,A,32971.0,P. A. Durkin,14,9,6,6,1,0,5,6,10,14,6,7,0,2,0,0,0,20,1.55,3.5,5.4,1.65,3.3,4.4,1.57,3.5,5.0,1.57,3.4,5.5,1.57,3.6,5.0,1.5,3.4,6.0,0102
143,E0,05/12/01,Chelsea,Charlton,0,1,A,0,0,D,33504.0,D. J. Gallagher,20,11,5,5,0,0,8,1,13,10,1,4,1,1,0,0,10,10,1.42,3.65,7.3,1.4,3.9,6.0,1.5,3.4,6.0,1.44,3.6,7.0,1.4,4.0,6.5,1.36,3.75,8.0,0102
144,E0,05/12/01,West Ham,Aston Villa,1,1,D,0,1,A,28377.0,M. L Dean,14,12,8,5,0,0,5,6,10,15,3,5,2,1,0,0,20,10,2.25,3.25,2.75,2.3,3.0,2.7,2.25,3.2,2.75,2.2,3.1,2.9,2.38,3.2,2.6,2.1,3.2,3.0,0102
145,E0,08/12/01,Charlton,Tottenham,3,1,H,2,0,H,25125.0,S. W. Dunn,11,14,6,5,0,0,9,9,10,12,9,4,3,1,0,0,30,10,2.75,3.15,2.3,2.5,3.0,2.5,2.75,3.2,2.25,2.75,3.2,2.3,2.8,3.25,2.2,2.8,3.1,2.25,0102
146,E0,08/12/01,Derby,Bolton,1,0,H,0,0,D,25712.0,M. D. Messias,16,6,6,3,1,0,5,4,11,24,4,2,0,4,0,0,0,40,2.35,3.1,2.73,2.1,2.9,3.2,2.4,3.25,2.5,2.38,3.1,2.7,2.38,3.2,2.6,2.37,3.1,2.62,0102
147,E0,08/12/01,Fulham,Everton,2,0,H,1,0,H,19338.0,P. Dowd,10,5,4,3,0,0,6,7,15,25,2,3,2,4,1,1,45,65,1.75,3.3,4.15,1.85,3.1,3.6,1.8,3.0,4.33,1.8,3.1,4.2,1.8,3.25,4.0,1.72,3.1,4.5,0102
148,E0,08/12/01,Leicester,Southampton,0,4,A,0,1,A,20321.0,G. Poll,8,10,4,5,0,0,5,4,13,15,3,5,1,0,0,0,10,0,1.95,3.2,3.45,1.9,3.1,3.5,1.91,3.2,3.5,2.0,3.2,3.3,1.91,3.2,3.6,2.0,3.0,3.4,0102
149,E0,08/12/01,Liverpool,Middlesbrough,2,0,H,2,0,H,43674.0,D. J. Gallagher,8,4,5,2,0,0,4,6,7,10,3,2,0,2,0,0,0,20,1.4,4.0,6.7,1.45,3.8,5.4,1.4,3.75,7.0,1.4,3.75,7.5,1.4,3.75,7.5,1.4,3.6,7.5,0102
150,E0,08/12/01,Man United,West Ham,0,1,A,0,0,D,67582.0,P. A. Durkin,17,8,6,4,0,0,12,4,18,8,0,1,5,3,0,0,50,30,1.3,4.5,8.2,1.3,4.2,8.0,1.4,3.75,7.0,1.33,4.33,7.5,1.33,4.33,7.5,1.33,3.8,9.0,0102
151,E0,09/12/01,Arsenal,Aston Villa,3,2,H,0,2,A,38074.0,A. G. Wiley,15,8,8,5,0,0,9,3,18,14,4,6,4,0,0,0,40,0,1.45,3.6,6.6,1.6,3.4,4.6,1.44,3.6,6.5,1.5,3.6,6.0,1.5,3.5,6.0,1.44,3.4,7.0,0102
152,E0,09/12/01,Blackburn,Leeds,1,2,A,0,0,D,28309.0,A. P. D'Urso,14,10,6,7,2,0,8,7,15,18,2,8,1,5,0,0,10,50,2.85,3.1,2.26,2.5,3.0,2.5,2.75,3.2,2.25,2.8,3.1,2.3,2.75,3.25,2.25,2.87,3.0,2.25,0102
153,E0,09/12/01,Ipswich,Newcastle,0,1,A,0,1,A,24748.0,R. Styles,9,7,5,5,0,0,8,2,3,3,1,1,3,1,0,0,30,10,2.8,3.15,2.27,2.9,3.0,2.2,2.5,3.25,2.4,2.6,3.2,2.4,2.6,3.2,2.38,2.8,3.0,2.3,0102
154,E0,09/12/01,Sunderland,Chelsea,0,0,D,0,0,D,48017.0,N. S. Barry,11,10,6,3,0,0,6,6,11,15,5,3,1,3,0,0,10,30,2.55,3.1,2.5,2.5,3.0,2.5,2.75,3.2,2.25,2.6,3.1,2.5,2.6,3.2,2.38,2.5,3.1,2.5,0102
155,E0,12/12/01,Liverpool,Fulham,0,0,D,0,0,D,37163.0,J. T. Winter,16,8,7,4,2,0,7,3,17,11,1,0,0,0,0,0,0,0,1.45,3.8,6.2,1.5,3.7,5.0,1.57,3.25,5.5,1.5,3.5,6.0,1.44,3.75,6.5,1.5,3.4,6.0,0102
156,E0,12/12/01,Man United,Derby,5,0,H,2,0,H,67577.0,M. R. Halsey,20,8,11,5,0,0,5,6,8,13,3,3,1,2,0,0,10,20,1.25,5.0,9.0,1.3,4.2,8.0,1.28,4.33,9.0,1.29,4.5,9.5,1.25,4.5,11.0,1.28,4.33,8.5,0102
157,E0,15/12/01,Bolton,Charlton,0,0,D,0,0,D,20834.0,C. J. Foy,13,6,6,4,1,0,7,4,13,13,5,4,1,2,0,0,10,20,2.2,3.1,2.95,2.3,3.0,2.7,2.25,3.2,2.75,2.25,3.2,2.8,2.25,3.25,2.75,2.25,3.1,2.8,0102
158,E0,15/12/01,Everton,Derby,1,0,H,0,0,D,38615.0,C. R. Wilkes,22,3,12,2,2,0,9,3,9,15,2,5,1,1,0,0,10,10,1.71,3.35,4.3,1.8,3.1,3.8,1.67,3.25,4.5,1.67,3.25,4.75,1.73,3.25,4.33,1.72,3.1,4.5,0102
159,E0,15/12/01,Middlesbrough,Man United,0,1,A,0,0,D,34358.0,D. R. Elleray,6,14,3,5,0,0,5,8,11,14,1,0,2,3,0,0,20,30,4.3,3.35,1.71,4.2,3.2,1.7,4.0,3.4,1.73,4.5,3.25,1.67,4.0,3.2,1.8,4.33,3.4,1.66,0102
160,E0,15/12/01,Newcastle,Blackburn,2,1,H,0,1,A,50064.0,S. W. Dunn,15,8,6,6,0,1,10,6,8,15,7,3,0,3,0,0,0,30,1.68,3.4,4.4,1.7,3.2,4.2,1.67,3.25,4.5,1.67,3.3,4.5,1.67,3.4,4.5,1.72,3.25,4.2,0102
161,E0,15/12/01,Southampton,Sunderland,2,0,H,1,0,H,29459.0,D. Pugh,14,5,5,3,0,0,3,1,11,13,2,5,1,2,0,0,10,20,2.4,3.1,2.65,2.3,3.0,2.7,2.37,3.2,2.6,2.3,3.2,2.7,2.38,3.2,2.6,2.25,3.2,2.75,0102
162,E0,15/12/01,Tottenham,Fulham,4,0,H,2,0,H,36054.0,N. S. Barry,10,12,6,1,0,0,3,6,18,15,3,1,3,2,0,0,30,20,1.85,3.25,3.75,2.0,3.0,3.3,1.8,3.2,4.0,2.05,2.9,4.0,1.83,3.25,3.75,2.0,2.8,3.75,0102
163,E0,15/12/01,West Ham,Arsenal,1,1,D,1,1,D,34523.0,M. A. Riley,8,16,4,6,0,2,7,6,10,14,5,1,4,3,0,0,40,30,3.8,3.3,1.82,3.8,3.1,1.8,4.33,3.2,1.73,4.0,3.25,1.8,3.6,3.4,1.83,3.75,3.3,1.8,0102
164,E0,16/12/01,Chelsea,Liverpool,4,0,H,2,0,H,41174.0,M. R. Halsey,16,16,10,8,1,1,5,6,15,10,0,6,2,3,0,0,20,30,2.45,3.15,2.55,2.2,3.0,2.9,2.5,2.87,2.62,2.6,2.9,2.7,2.62,3.2,2.38,2.5,3.1,2.5,0102
165,E0,16/12/01,Leeds,Leicester,2,2,D,1,0,H,38237.0,R. Styles,14,5,7,4,1,0,8,3,6,15,2,1,1,3,0,0,10,30,1.28,4.4,9.3,1.35,4.0,7.0,1.36,3.75,8.0,1.29,4.5,9.0,1.3,4.5,8.0,1.25,5.0,8.0,0102
166,E0,17/12/01,Aston Villa,Ipswich,2,1,H,1,1,D,29320.0,M. L Dean,10,14,5,3,1,0,1,4,16,10,3,5,0,1,0,0,0,10,1.5,3.65,5.7,1.55,3.5,4.8,1.5,3.4,6.0,1.53,3.4,6.0,1.57,3.4,5.5,1.5,3.4,6.0,0102
167,E0,18/12/01,Arsenal,Newcastle,1,3,A,1,0,H,38012.0,G. Poll,19,4,8,3,0,0,4,4,10,19,6,4,3,3,1,1,55,55,1.5,3.5,6.1,1.65,3.3,4.4,1.44,3.6,6.5,1.5,3.4,6.5,1.44,3.75,6.5,1.5,3.4,6.0,0102
168,E0,19/12/01,Leeds,Everton,3,2,H,2,0,H,40201.0,P. Jones ,18,8,7,3,1,0,5,2,12,13,6,1,1,1,0,0,10,10,1.43,3.7,6.8,1.4,3.9,6.0,1.44,3.6,6.5,1.4,3.75,7.5,1.44,3.75,6.5,1.44,3.5,7.0,0102
169,E0,22/12/01,Charlton,Blackburn,0,2,A,0,0,D,25857.0,"Wiley, A. G.",10,7,2,4,0,0,4,3,16,19,4,6,2,3,0,0,20,30,2.05,3.1,3.25,2.1,3.0,3.1,2.1,3.25,3.0,2.1,3.1,3.2,2.0,3.25,3.25,1.9,3.25,3.4,0102
170,E0,22/12/01,Derby,Aston Villa,3,1,H,1,1,D,28001.0,"Elleray, D. R.",10,10,7,3,0,1,4,5,11,15,7,4,0,1,0,0,0,10,2.68,3.1,2.38,2.5,3.0,2.5,2.75,3.2,2.25,2.6,3.1,2.5,,,,2.62,3.1,2.37,0102
171,E0,22/12/01,Leeds,Newcastle,3,4,A,1,1,D,40287.0,"Winter, J. T.",15,13,6,7,0,0,2,9,19,17,0,2,2,1,0,0,20,10,,,,1.9,3.1,3.5,1.73,3.2,4.33,1.83,3.1,4.2,1.67,3.4,4.5,1.8,3.1,4.0,0102
172,E0,22/12/01,Leicester,West Ham,1,1,D,1,0,H,20131.0,"Wolstenholme, E. K.",10,7,4,3,0,0,6,7,8,15,2,0,2,2,1,0,45,20,2.3,3.2,2.7,2.2,3.0,2.9,2.25,3.2,2.75,2.4,3.1,2.8,2.25,3.25,2.75,2.37,3.1,2.62,0102
173,E0,22/12/01,Man United,Southampton,6,1,H,3,0,H,67638.0,"Dunn, S. W.",12,6,7,3,0,0,8,6,13,10,11,2,1,1,0,0,10,10,1.25,4.8,9.25,1.25,4.5,9.0,1.25,5.0,8.0,1.25,5.0,9.0,1.3,4.5,8.0,1.25,4.5,10.0,0102
174,E0,22/12/01,Sunderland,Everton,1,0,H,0,0,D,48013.0,"Knight, B.",10,8,5,5,0,0,6,5,18,15,3,6,1,4,0,0,10,40,1.7,3.4,4.4,1.7,3.2,4.2,1.8,3.2,4.0,1.7,3.0,4.8,1.8,3.2,4.0,1.72,3.2,4.33,0102
175,E0,22/12/01,Tottenham,Ipswich,1,2,A,1,1,D,36043.0,"Riley, M. A.",12,12,6,4,1,0,9,5,22,16,4,5,1,2,1,0,35,20,1.42,3.75,6.8,1.5,3.7,5.0,1.4,3.75,7.0,1.44,3.6,7.0,1.4,3.75,7.5,1.4,3.6,7.5,0102
176,E0,23/12/01,Chelsea,Bolton,5,1,H,2,1,H,34063.0,"Rennie, U. D.",16,10,5,4,0,0,4,4,7,21,3,6,2,2,0,0,20,20,1.4,3.85,7.0,1.45,3.8,5.4,1.36,3.75,8.0,1.4,3.75,7.5,1.4,4.0,6.5,1.36,3.75,8.0,0102
177,E0,23/12/01,Liverpool,Arsenal,1,2,A,0,1,A,44297.0,"Durkin, P. A.",15,11,2,3,1,0,6,4,12,20,2,2,1,4,0,1,10,65,2.1,3.15,3.1,2.0,3.1,3.2,2.1,3.2,3.0,2.1,3.1,3.2,2.2,3.2,2.88,2.2,3.0,3.0,0102
178,E0,26/12/01,Arsenal,Chelsea,2,1,H,0,1,A,38079.0,"Barber, G. P.",11,9,7,3,0,0,4,5,18,21,7,0,2,4,0,0,20,40,1.85,3.2,3.8,2.0,3.1,3.2,1.83,3.2,3.75,1.91,3.2,3.6,1.8,3.4,3.75,1.83,3.3,3.6,0102
179,E0,26/12/01,Aston Villa,Liverpool,1,2,A,1,1,D,42602.0,"D'Urso, A. P.",10,12,5,6,1,1,7,3,10,9,6,3,1,0,0,0,10,0,2.85,3.25,2.2,2.9,3.0,2.2,2.75,3.2,2.25,3.0,3.1,2.2,2.8,3.25,2.2,2.87,3.1,2.2,0102
180,E0,26/12/01,Blackburn,Sunderland,0,3,A,0,2,A,29869.0,"Wilkes, C. R.",7,13,3,7,0,2,3,5,24,23,3,4,1,2,1,0,35,20,2.0,3.2,3.3,2.0,3.1,3.2,1.73,3.4,4.0,1.91,3.2,3.6,2.0,3.25,3.25,2.1,3.2,3.0,0102
181,E0,26/12/01,Bolton,Leeds,0,3,A,0,2,A,27060.0,"Wiley, A. G.",17,8,2,5,0,1,11,2,15,20,1,5,1,3,0,0,10,30,3.6,3.2,1.9,3.6,3.1,1.85,3.5,3.2,1.91,3.5,3.25,1.91,3.5,3.25,1.91,4.0,3.1,1.8,0102
182,E0,26/12/01,Everton,Man United,0,2,A,0,0,D,39948.0,"Rennie, U. D.",10,11,5,7,0,0,4,11,11,12,1,2,0,1,0,0,0,10,4.8,3.55,1.6,4.4,3.3,1.65,4.5,3.25,1.67,5.0,3.4,1.62,4.5,3.6,1.62,5.0,3.3,1.61,0102
183,E0,26/12/01,Fulham,Charlton,0,0,D,0,0,D,17900.0,"Bennett, S. G.",10,8,4,3,0,3,4,9,5,14,2,8,2,1,0,0,20,10,1.8,3.25,3.95,1.75,3.2,4.0,1.8,3.2,4.0,1.73,3.25,4.33,1.73,3.25,4.33,1.72,3.2,4.33,0102
184,E0,26/12/01,Ipswich,Leicester,2,0,H,0,0,D,24403.0,"Barry, N. S.",12,3,6,1,0,0,3,10,2,6,0,0,0,2,0,0,0,20,1.9,3.2,3.6,1.8,3.1,3.8,1.91,3.25,3.4,1.8,3.25,4.0,1.91,3.25,3.5,1.83,3.3,3.6,0102
185,E0,26/12/01,Newcastle,Middlesbrough,3,0,H,1,0,H,52127.0,"Halsey, M. R.",18,5,9,2,0,0,10,2,18,12,3,4,0,1,0,0,0,10,1.6,3.5,4.9,1.7,3.2,4.2,1.61,3.5,4.5,1.57,3.4,5.5,1.57,3.4,5.5,1.57,3.5,5.0,0102
186,E0,26/12/01,Southampton,Tottenham,1,0,H,0,0,D,31719.0,"Jones, P.",6,10,5,6,0,0,4,13,15,16,3,4,0,3,0,0,0,30,2.67,3.1,2.4,2.5,3.0,2.5,2.62,3.4,2.25,2.7,3.2,2.3,2.75,3.25,2.25,2.5,3.25,2.4,0102
187,E0,26/12/01,West Ham,Derby,4,0,H,1,0,H,31397.0,"Poll, G.",14,6,9,3,0,0,3,1,13,19,2,1,1,3,0,1,10,55,1.65,3.5,4.5,1.75,3.2,4.0,1.67,3.4,4.33,1.67,3.4,4.5,1.67,3.4,4.5,1.61,3.3,5.0,0102
188,E0,29/12/01,Arsenal,Middlesbrough,2,1,H,0,1,A,37928.0,"D'Urso, A. P.",16,3,6,2,0,0,9,1,17,13,7,4,3,4,0,0,30,40,1.26,4.5,10.0,1.35,4.0,7.0,1.28,4.5,8.0,1.29,4.33,9.5,1.29,4.5,8.5,1.25,4.5,10.0,0102
189,E0,29/12/01,Aston Villa,Tottenham,1,1,D,0,1,A,41134.0,"Wolstenholme, E. K.",12,7,7,4,0,0,12,1,12,10,4,3,0,3,0,0,0,30,2.23,3.15,2.85,2.1,3.0,3.1,2.2,3.2,2.8,2.25,3.1,2.88,2.25,3.25,2.75,2.2,3.1,2.87,0102
190,E0,29/12/01,Blackburn,Derby,0,1,A,0,1,A,23529.0,"Pugh, D.",16,7,5,5,0,0,13,4,13,20,5,5,2,4,0,0,20,40,1.62,3.4,4.9,1.7,3.2,4.2,1.61,3.5,4.5,1.62,3.4,5.0,1.62,3.4,5.0,1.61,3.3,5.0,0102
191,E0,29/12/01,Bolton,Leicester,2,2,D,1,2,A,23037.0,"Riley, M. A.",5,14,3,8,1,0,4,10,11,15,2,5,2,3,2,1,70,55,2.1,3.2,3.05,2.0,3.1,3.2,2.1,3.2,3.0,2.0,3.2,3.3,2.1,3.25,3.0,2.2,3.2,2.8,0102
192,E0,29/12/01,Everton,Charlton,0,3,A,0,1,A,31131.0,"Barber, G. P.",7,8,3,4,0,0,3,6,16,12,0,2,1,3,0,0,10,30,1.9,3.2,3.65,1.9,3.1,3.5,1.8,3.2,4.0,1.8,3.1,4.2,1.83,3.25,3.75,1.83,3.2,3.75,0102
193,E0,29/12/01,Ipswich,Sunderland,5,0,H,4,0,H,24517.0,"Poll, G.",13,10,8,3,0,1,3,3,6,4,0,1,1,1,0,0,10,10,2.3,3.2,2.7,2.3,3.0,2.7,2.1,3.2,3.0,2.2,3.2,2.9,2.25,3.25,2.75,2.25,3.3,2.62,0102
194,E0,29/12/01,Newcastle,Chelsea,1,2,A,1,2,A,52123.0,"Bennett, S. G.",10,12,7,8,0,0,5,3,11,21,6,1,0,3,0,0,0,30,2.0,3.2,3.3,2.1,3.0,3.1,2.1,3.2,3.0,2.1,3.2,3.1,1.91,3.4,3.4,2.1,3.2,3.0,0102
195,E0,29/12/01,Southampton,Leeds,0,1,A,0,0,D,31622.0,"Halsey, M. R.",12,13,6,7,0,1,3,5,17,15,0,5,1,1,0,0,10,10,3.45,3.2,1.95,3.2,3.1,2.0,3.5,3.2,1.91,3.5,3.1,2.0,3.25,3.25,2.0,3.5,3.4,1.83,0102
196,E0,29/12/01,West Ham,Liverpool,1,1,D,1,0,H,35103.0,"Styles, R.",17,12,8,8,0,0,9,5,5,8,2,0,1,0,0,0,10,0,3.5,3.3,1.9,3.2,3.1,2.0,3.2,3.2,2.0,3.3,3.1,2.05,3.25,3.25,2.0,3.4,3.25,1.9,0102
197,E0,30/12/01,Fulham,Man United,2,3,A,1,2,A,21159.0,"Gallagher, D. J.",17,19,9,10,2,0,4,3,14,8,1,3,0,2,0,0,0,20,4.5,3.5,1.65,4.2,3.2,1.7,4.5,3.25,1.67,4.33,3.4,1.7,4.5,3.4,1.67,4.5,3.5,1.61,0102
198,E0,01/01/02,Charlton,Ipswich,3,2,H,2,2,D,25893.0,"Rennie, U. D.",13,6,8,4,0,1,11,4,19,12,6,5,2,2,0,0,20,20,1.95,3.2,3.55,2.1,3.1,3.0,2.0,3.4,3.0,2.1,3.1,3.3,2.0,3.25,3.25,2.1,3.2,3.0,0102
199,E0,01/01/02,Chelsea,Southampton,2,4,A,2,1,H,35156.0,"Wolstenholme, E. K.",13,8,6,5,0,0,2,6,14,18,2,10,2,1,0,0,20,10,1.4,3.9,7.0,1.35,4.0,7.0,1.33,4.0,8.0,1.36,3.75,8.5,1.36,4.0,7.5,1.33,4.0,8.0,0102
200,E0,01/01/02,Leeds,West Ham,3,0,H,2,0,H,39322.0,"Dunn, S. W.",12,9,11,4,0,0,8,6,15,8,0,2,3,2,0,0,30,20,1.5,3.6,6.0,1.45,3.8,5.4,1.53,3.5,5.5,1.5,3.5,6.0,1.44,3.75,6.5,1.5,3.4,6.0,0102
201,E0,01/01/02,Liverpool,Bolton,1,1,D,0,0,D,43710.0,"Wilkes, C. R.",15,7,5,6,0,0,4,8,8,15,3,5,1,4,0,0,10,40,1.3,4.5,8.0,1.25,4.5,9.0,1.28,4.5,8.0,1.3,4.2,9.0,1.29,5.0,7.5,1.25,5.0,8.0,0102
202,E0,01/01/02,Middlesbrough,Everton,1,0,H,0,0,D,27463.0,"Styles, R.",10,11,4,3,0,1,5,6,12,10,1,0,1,2,0,0,10,20,1.9,3.25,3.55,1.75,3.2,4.0,1.8,3.2,4.0,1.95,3.0,3.75,1.91,3.2,3.6,1.83,3.2,3.75,0102
203,E0,01/01/02,Sunderland,Aston Villa,1,1,D,0,0,D,45324.0,"Riley, M. A.",18,8,11,4,0,0,7,0,14,13,4,5,1,3,0,0,10,30,2.15,3.0,3.15,2.0,3.1,3.2,2.25,3.2,2.75,2.1,3.0,3.25,2.1,3.0,3.25,2.1,2.87,3.3,0102
204,E0,01/01/02,Tottenham,Blackburn,1,0,H,1,0,H,35131.0,"Winter, J. T.",12,11,7,7,0,0,7,9,14,17,5,7,0,1,0,0,0,10,1.63,3.45,4.75,1.65,3.3,4.4,1.61,3.5,4.5,1.62,3.3,5.2,1.62,3.6,4.5,1.57,3.3,5.5,0102
205,E0,02/01/02,Derby,Fulham,0,1,A,0,0,D,28165.0,"Knight, B.",10,8,0,4,0,0,10,3,17,7,6,5,1,2,0,0,10,20,2.4,3.1,2.65,2.2,3.0,2.9,2.4,3.25,2.5,2.4,3.2,2.6,2.5,3.2,2.5,2.5,3.1,2.5,0102
206,E0,02/01/02,Man United,Newcastle,3,1,H,1,0,H,67646.0,"Jones, P.",11,11,7,6,0,0,6,5,11,8,2,4,1,1,0,0,10,10,1.45,3.6,6.0,1.6,3.4,4.6,1.53,3.75,5.0,1.5,3.5,6.0,1.53,3.5,5.5,1.5,3.6,5.5,0102
207,E0,09/01/02,Southampton,Liverpool,2,0,H,0,0,D,31527.0,"Poll, G.",9,7,7,4,0,0,5,6,12,7,3,4,0,1,0,0,0,10,3.9,3.4,1.76,3.5,3.1,1.9,3.5,3.2,1.91,3.5,3.25,1.91,3.5,3.25,1.91,4.0,3.4,1.72,0102
208,E0,12/01/02,Aston Villa,Derby,2,1,H,2,1,H,28881.0,"Halsey, M. R.",9,3,5,1,0,0,4,1,15,13,5,5,2,3,0,1,20,55,1.53,3.5,5.65,1.6,3.4,4.6,1.5,3.4,6.0,1.5,3.4,6.5,1.53,3.5,5.5,1.5,3.4,6.0,0102
209,E0,12/01/02,Blackburn,Charlton,4,1,H,2,0,H,23365.0,"Barry, N. S.",18,9,11,6,1,1,7,2,12,11,7,3,0,0,0,1,0,25,2.1,3.1,3.15,2.0,3.1,3.2,2.1,3.2,3.0,2.05,3.1,3.3,2.1,3.25,3.0,2.0,3.2,3.2,0102
210,E0,12/01/02,Bolton,Chelsea,2,2,D,0,0,D,23891.0,"Winter, J. T.",11,9,5,4,0,0,10,3,10,11,5,6,0,1,0,0,0,10,3.25,3.35,1.95,3.8,3.1,1.8,3.2,3.2,2.0,3.5,3.2,1.95,3.6,3.4,1.83,3.4,3.25,1.9,0102
211,E0,12/01/02,Everton,Sunderland,1,0,H,1,0,H,30736.0,"Elleray, D. R.",9,6,5,1,0,0,4,5,11,16,2,0,1,1,0,0,10,10,2.2,3.1,2.95,2.1,3.0,3.1,2.1,3.2,3.0,2.2,3.2,2.88,2.2,3.25,2.8,2.1,3.2,3.0,0102
212,E0,12/01/02,Fulham,Middlesbrough,2,1,H,2,1,H,18975.0,"Dean, M. L",19,8,11,4,0,0,10,2,15,18,2,4,1,2,0,0,10,20,1.71,3.3,4.4,1.75,3.2,4.0,1.73,3.2,4.33,1.73,3.25,4.33,1.67,3.4,4.5,1.72,3.25,4.2,0102
213,E0,12/01/02,Ipswich,Tottenham,2,1,H,1,0,H,25007.0,"Messias, M. D.",8,11,5,6,0,0,5,5,3,1,0,0,0,1,0,0,0,10,2.4,3.25,2.55,2.3,3.0,2.7,2.4,3.25,2.5,2.3,3.1,2.8,2.5,3.2,2.5,2.37,3.1,2.62,0102
214,E0,12/01/02,Newcastle,Leeds,3,1,H,1,1,D,52130.0,"Barber, G. P.",16,8,8,6,0,0,6,1,17,28,0,2,3,6,0,1,30,85,,,,2.2,3.0,2.9,2.37,3.2,2.6,2.3,3.2,2.7,2.25,3.25,2.75,2.25,3.2,2.75,0102
215,E0,12/01/02,West Ham,Leicester,1,0,H,1,0,H,34698.0,"Gallagher, D. J.",11,5,7,3,0,0,5,4,10,11,6,2,1,2,0,0,10,20,1.6,3.5,5.0,1.65,3.3,4.4,1.61,3.25,5.0,1.53,3.3,6.0,1.57,3.4,5.5,1.57,3.3,5.5,0102
216,E0,13/01/02,Arsenal,Liverpool,1,1,D,0,0,D,38132.0,"Dunn, S. W.",11,5,4,2,1,0,3,1,15,16,3,3,1,1,0,0,10,10,1.9,3.25,3.55,2.0,3.1,3.2,1.91,3.2,3.5,2.0,3.2,3.3,1.91,3.25,3.5,1.9,3.1,3.6,0102
217,E0,13/01/02,Southampton,Man United,1,3,A,1,2,A,31858.0,"Bennett, S. G.",12,11,4,7,2,1,8,6,11,8,3,1,1,1,0,0,10,10,5.15,3.6,1.55,4.4,3.3,1.65,4.5,3.5,1.61,5.0,3.5,1.6,5.5,3.75,1.5,5.0,3.5,1.57,0102
218,E0,19/01/02,Derby,Ipswich,1,3,A,0,0,D,29658.0,"Durkin, P. A.",13,13,5,5,0,1,3,3,7,16,5,0,0,2,0,0,0,20,2.3,3.15,2.75,2.3,3.0,2.7,2.4,3.25,2.5,2.38,3.2,2.62,2.38,3.2,2.6,2.37,3.1,2.62,0102
219,E0,19/01/02,Leicester,Newcastle,0,0,D,0,0,D,21354.0,"Wiley, A. G.",8,9,4,3,0,0,6,11,17,19,3,3,2,2,0,0,20,20,3.95,3.25,1.7,4.2,3.2,1.7,4.33,3.4,1.67,5.25,3.4,1.57,4.5,3.4,1.67,4.33,3.4,1.66,0102
220,E0,19/01/02,Liverpool,Southampton,1,1,D,1,0,H,43710.0,"Barry, N. S.",9,6,5,2,0,1,8,3,10,17,0,3,0,1,0,0,0,10,1.34,4.2,7.8,1.4,3.9,6.0,1.4,3.75,7.0,1.4,3.75,7.5,1.36,4.33,6.5,1.36,3.75,8.0,0102
221,E0,19/01/02,Man United,Blackburn,2,1,H,1,0,H,67552.0,"Rennie, U. D.",16,10,6,4,1,0,8,3,13,13,4,2,1,0,0,0,10,0,1.25,5.0,9.0,1.3,4.2,8.0,1.28,4.33,9.0,1.25,5.0,9.0,1.2,5.5,10.0,1.22,5.0,9.5,0102
222,E0,19/01/02,Middlesbrough,Bolton,1,1,D,1,0,H,26104.0,"Poll, G.",11,7,3,4,0,0,2,6,16,17,4,4,1,1,0,0,10,10,1.95,3.2,3.45,1.75,3.2,4.0,1.83,3.2,3.75,1.91,3.2,3.6,1.91,3.25,3.5,1.9,3.25,3.4,0102
223,E0,19/01/02,Sunderland,Fulham,1,1,D,0,1,A,45124.0,"Jones, P.",16,9,8,2,0,1,11,2,19,13,1,4,3,2,0,0,30,20,2.15,3.1,3.05,2.2,3.0,2.9,2.2,3.2,2.8,2.2,3.1,3.0,2.25,3.25,2.75,2.2,3.2,2.8,0102
224,E0,19/01/02,Tottenham,Everton,1,1,D,1,1,D,36056.0,"Wilkes, C. R.",12,4,4,2,1,0,14,5,14,17,4,3,0,2,0,0,0,20,1.6,3.4,5.2,1.65,3.3,4.4,1.61,3.25,5.0,1.57,3.4,5.5,1.62,3.4,5.0,1.57,3.5,5.0,0102
225,E0,20/01/02,Chelsea,West Ham,5,1,H,1,0,H,40035.0,"D'Urso, A. P.",22,5,15,4,0,0,6,4,13,10,0,4,3,1,0,1,30,35,1.55,3.4,5.65,1.6,3.4,4.6,1.61,3.5,4.5,1.57,3.4,5.5,1.62,3.4,5.0,1.61,3.25,5.0,0102
226,E0,20/01/02,Leeds,Arsenal,1,1,D,1,1,D,40143.0,"Halsey, M. R.",6,9,1,6,0,0,3,7,18,16,1,0,1,2,0,0,10,20,2.6,3.15,2.42,2.3,2.9,2.8,2.37,3.2,2.6,2.4,3.2,2.62,2.38,3.25,2.6,2.5,3.1,2.5,0102
227,E0,21/01/02,Charlton,Aston Villa,1,2,A,0,2,A,25681.0,"Styles, R",9,7,5,3,0,0,3,2,7,11,7,7,1,1,0,0,10,10,2.28,3.15,2.8,2.2,2.9,3.0,2.37,3.2,2.6,2.25,3.2,2.8,2.25,3.25,2.75,2.25,3.2,2.75,0102
228,E0,22/01/02,Man United,Liverpool,0,1,A,0,0,D,67599.0,"Barber, G. P.",12,9,3,5,0,0,11,2,15,16,0,1,1,2,0,0,10,20,1.7,3.35,4.2,1.7,3.2,4.2,1.67,3.4,4.33,1.62,3.4,5.0,1.62,3.4,5.0,1.66,3.3,4.5,0102
229,E0,23/01/02,Leicester,Arsenal,1,3,A,0,2,A,21344.0,"Elleray, D. R.",3,13,2,8,0,1,7,7,12,9,2,2,2,0,0,0,20,0,5.85,3.6,1.5,4.8,3.5,1.55,5.5,3.5,1.53,7.0,3.6,1.44,6.0,3.6,1.5,5.5,3.6,1.5,0102
230,E0,29/01/02,Bolton,Man United,0,4,A,0,2,A,27350.0,"D'Urso, A. P.",15,21,4,12,0,1,1,9,10,9,1,4,0,0,0,0,0,0,5.75,3.6,1.51,4.6,3.4,1.6,6.0,3.4,1.5,6.0,3.4,1.5330000000000001,6.0,3.6,1.5,6.5,3.6,1.44,0102
231,E0,29/01/02,Charlton,Derby,1,0,H,0,0,D,25387.0,"Pugh, D.",11,3,3,2,0,0,9,0,11,13,3,6,1,2,0,0,10,20,1.7,3.35,4.4,1.7,3.3,4.0,1.8,3.2,4.0,1.6669999999999998,3.25,4.75,1.7269999999999999,3.25,4.333,1.66,3.3,4.5,0102
232,E0,29/01/02,Sunderland,Middlesbrough,0,1,A,0,1,A,44579.0,"Durkin, P.",18,6,8,2,0,0,15,3,12,13,3,3,0,2,0,1,0,45,1.9,3.2,3.6,2.0,3.1,3.2,1.91,3.2,3.5,1.909,3.2,3.6,1.909,3.2,3.6,1.9,3.0,3.75,0102
233,E0,30/01/02,Aston Villa,Everton,0,0,D,0,0,D,32460.0,"Foy, C. J.",8,6,2,0,1,0,5,1,14,21,0,2,1,3,0,0,10,30,1.65,3.3,4.85,1.7,3.2,4.2,1.73,3.2,4.33,1.7269999999999999,3.2,4.5,1.6669999999999998,3.4,4.5,1.61,3.3,5.0,0102
234,E0,30/01/02,Blackburn,Arsenal,2,3,A,2,2,D,25983.0,"Gallagher, D. J.",10,9,4,5,0,0,6,2,18,21,2,7,2,2,0,1,20,45,3.65,3.25,1.88,3.5,3.1,1.9,4.0,3.2,1.8,3.75,3.25,1.85,3.5,3.25,1.909,4.0,3.1,1.8,0102
235,E0,30/01/02,Chelsea,Leeds,2,0,H,2,0,H,40614.0,"Bennett, S. G.",14,6,3,4,1,0,5,6,11,22,1,6,1,2,0,0,10,20,2.28,3.15,2.8,2.1,3.0,3.1,2.25,3.2,2.75,2.375,3.2,2.625,2.25,3.25,2.75,2.3,3.1,2.75,0102
236,E0,30/01/02,Ipswich,Fulham,1,0,H,1,0,H,25156.0,"Wiley, A. G.",13,7,8,3,0,0,10,5,18,11,4,1,1,2,0,0,10,20,2.2,3.2,2.9,2.2,3.0,2.9,2.2,3.25,2.75,2.2,3.2,2.875,2.2,3.25,2.8,2.2,3.1,2.87,0102
237,E0,30/01/02,Liverpool,Leicester,1,0,H,0,0,D,42305.0,"Knight, B.",11,3,4,0,0,0,9,3,9,21,3,1,1,2,0,0,10,20,1.25,4.75,9.5,1.35,4.0,7.0,1.25,4.5,10.0,1.25,4.5,11.0,1.25,4.5,11.0,1.22,5.0,9.5,0102
238,E0,30/01/02,Southampton,West Ham,2,0,H,1,0,H,31879.0,"Dowd, P.",10,11,8,4,0,0,4,2,16,13,2,1,0,3,0,0,0,30,2.05,3.15,3.25,2.0,3.1,3.2,1.91,3.25,3.4,2.1,3.2,3.1,2.1,3.25,3.0,2.0,3.2,3.2,0102
239,E0,30/01/02,Tottenham,Newcastle,1,3,A,1,0,H,35798.0,"Dean, M. L",8,10,6,4,0,0,5,4,8,5,1,2,1,1,0,0,10,10,2.2,3.2,2.9,2.2,3.0,2.9,2.1,3.2,3.0,2.1,3.2,3.0,2.25,3.25,2.75,2.2,3.25,2.75,0102
240,E0,02/02/02,Arsenal,Southampton,1,1,D,1,0,H,38024.0,"Wilkes, C. R.",14,4,4,1,1,0,4,3,13,22,6,7,2,3,0,0,20,30,1.3,4.5,8.0,1.35,4.0,7.0,1.33,3.75,9.0,1.3330000000000002,4.333,8.0,1.286,4.5,8.5,1.3,4.33,8.0,0102
241,E0,02/02/02,Derby,Tottenham,1,0,H,1,0,H,27721.0,"Rennie, U. D.",12,7,7,3,0,0,9,6,21,8,6,7,3,2,0,0,30,20,2.82,3.25,2.2,2.9,3.0,2.2,2.75,3.2,2.25,2.8,3.25,2.25,2.8,3.25,2.2,2.8,3.2,2.2,0102
242,E0,02/02/02,Everton,Ipswich,1,2,A,1,2,A,33069.0,"Dunn, S. W.",9,5,4,3,0,0,2,4,19,16,3,0,1,0,0,0,10,0,2.02,3.3,3.15,1.9,3.1,3.5,1.91,3.25,3.4,2.1,3.2,3.1,2.0,3.25,3.25,2.1,3.2,3.0,0102
243,E0,02/02/02,Fulham,Aston Villa,0,0,D,0,0,D,20041.0,"Messias, M. D.",9,15,3,9,0,0,9,4,12,14,3,3,1,2,0,0,10,20,2.05,3.1,3.25,2.0,3.0,3.3,2.1,3.2,3.0,2.05,3.2,3.2,2.1,3.25,3.0,2.0,3.1,3.3,0102
244,E0,02/02/02,Leicester,Chelsea,2,3,A,1,0,H,19950.0,"Barber, G. P.",16,9,9,5,0,0,6,2,16,17,3,1,1,3,0,0,10,30,3.9,3.35,1.78,4.0,3.2,1.75,4.33,3.2,1.73,4.333,3.4,1.7,4.333,3.25,1.7269999999999999,4.5,3.5,1.61,0102
245,E0,02/02/02,Man United,Sunderland,4,1,H,4,1,H,67587.0,"Styles, R.",18,6,8,3,1,0,11,2,6,11,4,2,1,3,0,0,10,30,1.22,5.1,10.0,1.25,4.5,9.0,1.25,4.5,10.0,1.25,4.75,10.0,1.2,5.5,10.0,1.2,5.0,11.0,0102
246,E0,02/02/02,Newcastle,Bolton,3,2,H,2,2,D,52094.0,"Elleray, D. R.",10,10,6,6,0,0,13,6,3,9,2,2,0,0,0,0,0,0,1.42,3.7,7.0,1.4,3.9,6.0,1.4,3.75,7.0,1.4,3.75,7.5,1.364,4.333,6.5,1.36,3.75,8.0,0102
247,E0,02/02/02,West Ham,Blackburn,2,0,H,1,0,H,35307.0,"Jones, P.",13,14,6,2,0,1,5,8,10,20,1,1,2,3,0,0,20,30,1.9,3.25,3.55,1.85,3.1,3.6,2.1,3.2,3.0,2.1,3.2,3.1,1.909,3.25,3.5,1.9,3.25,3.4,0102
248,E0,03/02/02,Leeds,Liverpool,0,4,A,0,1,A,40216.0,"Poll, G.",13,11,5,7,0,1,7,6,14,9,2,0,2,1,0,0,20,10,2.25,3.2,2.78,2.2,3.0,2.9,2.25,3.2,2.75,2.25,3.2,2.8,2.25,3.25,2.75,2.3,3.2,2.62,0102
249,E0,03/02/02,Middlesbrough,Charlton,0,0,D,0,0,D,24189.0,"Riley, M. A.",7,8,3,2,0,0,5,7,17,15,0,5,1,2,0,0,10,20,2.02,3.25,3.2,1.9,3.1,3.5,2.0,3.2,3.2,2.0,3.2,3.3,,,,2.0,3.2,3.2,0102
250,E0,09/02/02,Aston Villa,Chelsea,1,1,D,1,0,H,41137.0,"Durkin, P. A.",7,9,3,3,0,0,3,8,10,10,4,4,1,1,0,0,10,10,2.48,3.1,2.55,2.7,3.0,2.3,2.6,3.2,2.37,2.6,3.1,2.5,2.375,3.2,2.6,2.5,3.1,2.5,0102
251,E0,09/02/02,Bolton,West Ham,1,0,H,1,0,H,24342.0,"Pugh, D.",4,9,3,2,0,0,4,10,11,12,1,4,1,3,0,0,10,30,2.2,3.2,2.9,2.2,3.0,2.9,2.25,3.2,2.75,2.2,3.2,2.9,2.375,3.2,2.6,2.25,3.1,2.8,0102
252,E0,09/02/02,Derby,Sunderland,0,1,A,0,0,D,31771.0,"Poll, G.",9,8,4,4,1,0,7,8,13,15,1,8,0,1,0,0,0,10,2.25,3.15,2.85,2.2,3.0,2.9,2.25,3.2,2.75,2.15,3.2,3.0,2.2,3.25,2.8,2.2,3.2,2.8,0102
253,E0,09/02/02,Fulham,Blackburn,2,0,H,1,0,H,19580.0,"Halsey, M. R.",13,10,8,6,1,2,5,2,18,15,4,1,3,2,0,1,30,45,1.85,3.2,3.8,1.8,3.1,3.8,1.8,3.2,4.0,1.95,3.1,3.6,1.8330000000000002,3.25,3.75,1.9,3.0,3.75,0102
254,E0,09/02/02,Ipswich,Liverpool,0,6,A,0,2,A,25608.0,"Bennett, S. G.",4,14,2,11,0,0,7,9,2,4,2,4,0,0,0,0,0,0,3.35,3.25,1.95,3.2,3.1,2.0,3.2,3.2,2.0,3.2,3.2,2.05,3.25,3.25,2.0,3.4,3.25,1.9,0102
255,E0,09/02/02,Middlesbrough,Leeds,2,2,D,0,1,A,30221.0,"Barry, N. S.",10,10,5,6,0,0,7,4,15,11,4,6,1,1,0,0,10,10,3.05,3.2,2.1,2.8,2.9,2.3,3.0,3.0,2.2,3.0,3.1,2.2,2.8,3.25,2.2,3.0,3.2,2.1,0102
256,E0,09/02/02,Newcastle,Southampton,3,1,H,3,1,H,51857.0,"Knight, B.",16,11,10,4,2,0,5,4,7,8,3,3,0,1,0,0,0,10,1.48,3.7,5.85,1.5,3.7,5.0,1.5,3.4,6.0,1.5,3.5,6.5,1.444,3.75,6.5,1.5,3.4,6.0,0102
257,E0,09/02/02,Tottenham,Leicester,2,1,H,1,0,H,35973.0,"D'Urso, A. P.",12,7,4,6,1,0,8,8,8,9,3,5,0,1,0,0,0,10,1.42,3.65,7.25,1.55,3.5,4.8,1.44,3.6,6.5,1.444,3.6,7.0,1.4,4.0,6.5,1.36,3.75,8.0,0102
258,E0,10/02/02,Charlton,Man United,0,2,A,0,1,A,26475.0,"Wiley, A. G.",9,10,1,5,0,0,7,5,8,9,1,2,0,1,0,0,0,10,7.0,3.8,1.4,5.0,3.7,1.5,6.0,3.75,1.44,7.0,4.0,1.4,6.5,3.75,1.444,8.0,3.75,1.36,0102
259,E0,10/02/02,Everton,Arsenal,0,1,A,0,0,D,30859.0,"Winter, J. T.",6,6,2,3,1,0,1,5,17,20,3,6,0,5,0,0,0,50,3.9,3.15,1.85,4.0,3.2,1.75,4.33,3.2,1.73,4.2,3.25,1.8,4.333,3.25,1.7269999999999999,3.8,3.25,1.8,0102
260,E0,19/02/02,Middlesbrough,Fulham,2,1,H,1,0,H,26235.0,"Gallagher, D. J.",11,10,5,5,1,0,8,10,13,14,6,3,1,2,0,0,10,20,2.35,3.2,2.65,2.2,2.9,3.0,2.5,2.87,2.62,2.4,3.0,2.75,2.375,3.0,2.75,2.4,2.9,2.75,0102
261,E0,23/02/02,Arsenal,Fulham,4,1,H,3,1,H,38029.0,"Rennie, U. D.",16,6,10,5,1,0,7,5,19,14,4,1,0,1,0,0,0,10,1.4,3.75,7.45,1.55,3.5,4.8,1.4,3.75,7.0,1.444,3.6,7.0,1.4,4.0,6.5,1.44,3.5,7.0,0102
262,E0,23/02/02,Leicester,Derby,0,3,A,0,0,D,21620.0,"Riley, M. A.",6,5,3,4,0,0,8,2,16,15,1,0,4,2,0,0,40,20,2.1,3.25,3.0,2.1,3.0,3.1,2.2,3.25,2.75,2.2,3.2,2.9,2.2,3.25,2.8,2.1,3.2,3.0,0102
263,E0,23/02/02,Liverpool,Everton,1,1,D,0,0,D,44371.0,"Elleray, D. R.",13,6,5,3,0,0,9,4,9,13,4,2,0,2,0,0,0,20,1.47,3.5,6.7,1.55,3.5,4.8,1.44,3.6,6.5,1.5,3.4,6.5,1.5330000000000001,3.4,6.0,1.5,3.3,6.5,0102
264,E0,23/02/02,Man United,Aston Villa,1,0,H,0,0,D,67592.0,"Winter, J. T.",14,4,4,2,0,0,9,2,9,9,5,4,0,0,0,0,0,0,1.35,4.0,8.0,1.35,4.0,7.0,1.33,4.0,8.0,1.4,3.75,7.5,1.3,4.333,8.5,1.33,4.0,8.0,0102
265,E0,23/02/02,Southampton,Bolton,0,0,D,0,0,D,31380.0,"Wolstenholme, E. K.",8,4,2,2,0,0,6,6,17,9,1,7,1,3,1,0,35,30,1.9,3.2,3.6,2.0,3.1,3.2,1.8,3.2,4.0,2.0,3.2,3.3,1.8,3.4,3.75,2.0,3.2,3.2,0102
266,E0,23/02/02,West Ham,Middlesbrough,1,0,H,0,0,D,35420.0,"Foy, C. J.",12,7,8,4,0,0,12,3,17,11,1,1,2,5,0,1,20,75,1.9,3.15,3.7,1.9,3.1,3.5,1.83,3.2,3.75,1.85,3.25,3.8,1.8330000000000002,3.25,3.75,1.9,3.2,3.5,0102
267,E0,24/02/02,Leeds,Charlton,0,0,D,0,0,D,39374.0,"Dean, M. L",14,9,2,2,1,0,9,2,12,17,5,3,0,3,0,0,0,30,1.45,3.6,6.7,1.45,3.8,5.4,1.57,3.5,5.0,1.444,3.6,7.0,1.444,3.75,6.5,1.5,3.4,6.0,0102
268,E0,24/02/02,Sunderland,Newcastle,0,1,A,0,0,D,48290.0,"Barber, G. P.",11,13,4,5,0,1,5,11,19,16,1,1,3,1,0,0,30,10,2.75,3.1,2.33,2.7,3.0,2.3,2.8,2.87,2.37,2.75,3.1,2.375,2.75,3.25,2.25,2.8,3.1,2.25,0102
269,E0,02/03/02,Aston Villa,West Ham,2,1,H,1,1,D,37341.0,"Barber, G. P.",10,4,7,3,0,0,9,4,12,19,3,1,0,1,0,0,0,10,1.68,3.35,4.55,1.7,3.2,4.2,1.67,3.25,4.5,1.7269999999999999,3.25,4.5,1.7269999999999999,3.25,4.333,1.66,3.3,4.5,0102
270,E0,02/03/02,Bolton,Blackburn,1,1,D,1,0,H,27203.0,"Durkin, P. A.",11,6,5,3,0,0,7,5,22,11,3,1,1,0,0,1,10,25,2.25,3.15,2.8,2.3,2.9,2.8,2.25,3.2,2.75,2.3,3.1,2.875,2.2,3.25,2.8,2.37,3.1,2.62,0102
271,E0,02/03/02,Charlton,Chelsea,2,1,H,0,0,D,26354.0,"Poll, G.",9,4,6,2,0,0,5,4,13,13,9,2,2,1,0,0,20,10,3.05,3.15,2.12,3.0,2.9,2.2,2.8,3.2,2.2,3.0,3.1,2.2,2.875,3.2,2.2,3.0,3.0,2.2,0102
272,E0,02/03/02,Fulham,Liverpool,0,2,A,0,1,A,21103.0,"Wiley, A. G.",11,10,5,4,1,0,8,4,13,14,0,3,3,2,0,0,30,20,3.05,3.1,2.15,3.1,3.0,2.1,3.0,3.0,2.2,3.1,3.1,2.15,2.875,3.2,2.2,3.1,2.87,2.2,0102
273,E0,02/03/02,Ipswich,Southampton,1,3,A,0,0,D,25440.0,"Halsey, M. R.",8,5,4,4,0,0,4,3,9,5,1,0,0,1,0,0,0,10,1.95,3.15,3.5,1.9,3.1,3.5,1.83,3.2,3.75,1.8330000000000002,3.2,4.0,,,,1.8,3.3,3.75,0102
274,E0,02/03/02,Middlesbrough,Leicester,1,0,H,1,0,H,25734.0,"Wolstenholme, E. K.",11,6,7,1,1,0,5,6,17,15,7,3,2,4,0,0,20,40,1.55,3.5,5.5,1.5,3.7,5.0,1.57,3.5,5.0,1.615,3.3,5.5,1.571,3.4,5.5,1.5,3.4,6.0,0102
275,E0,02/03/02,Newcastle,Arsenal,0,2,A,0,2,A,52067.0,"Barry, N. S.",13,9,6,6,0,0,5,8,17,17,3,4,0,1,0,0,0,10,2.5,3.05,2.6,2.4,3.0,2.6,2.5,3.25,2.4,2.5,3.1,2.6,2.5,3.2,2.5,2.5,3.1,2.5,0102
276,E0,02/03/02,Tottenham,Sunderland,2,1,H,1,1,D,36062.0,"Styles, R.",17,7,7,2,0,0,5,5,5,8,2,2,0,1,0,0,0,10,1.73,3.3,4.25,1.7,3.2,4.2,1.67,3.25,4.5,1.6669999999999998,3.4,4.6,1.615,3.4,5.0,1.61,3.3,5.0,0102
277,E0,03/03/02,Derby,Man United,2,2,D,1,1,D,33041.0,"Dunn, S. W.",12,22,7,9,0,2,4,10,12,13,4,5,2,0,0,0,20,0,6.8,3.75,1.4,5.0,3.7,1.5,7.0,4.0,1.36,7.5,4.0,1.4,7.5,4.0,1.364,10.0,4.0,1.28,0102
278,E0,03/03/02,Everton,Leeds,0,0,D,0,0,D,33226.0,"D'Urso, A. P.",12,7,7,3,0,0,3,4,9,21,1,1,1,2,0,1,10,45,2.87,3.1,2.25,2.9,3.0,2.2,2.75,3.2,2.25,2.875,3.2,2.25,2.8,3.25,2.2,2.87,3.0,2.25,0102
279,E0,05/03/02,Arsenal,Derby,1,0,H,0,0,D,37878.0,"Barber, G. P.",17,0,8,0,1,0,9,1,13,16,7,2,1,2,0,0,10,20,1.2,5.2,11.0,1.25,4.5,9.0,1.17,5.5,12.0,1.222,5.0,11.0,1.167,5.5,13.0,1.2,5.0,11.0,0102
280,E0,05/03/02,Blackburn,Aston Villa,3,0,H,1,0,H,21988.0,"Bennett, S. G.",21,6,9,4,3,0,5,5,11,15,7,5,1,2,0,0,10,20,2.15,3.2,2.95,2.1,3.0,3.1,2.2,3.2,2.8,2.1,3.2,3.2,2.25,3.2,2.75,2.1,3.2,3.0,0102
281,E0,05/03/02,Sunderland,Bolton,1,0,H,1,0,H,43011.0,"Poll, G.",11,10,4,4,0,0,1,7,13,14,6,4,2,1,0,0,20,10,1.85,3.25,3.75,1.9,3.1,3.5,1.91,3.2,3.5,1.909,3.2,3.75,1.8330000000000002,3.25,3.75,1.83,3.2,3.75,0102
282,E0,06/03/02,Chelsea,Fulham,3,2,H,2,1,H,39744.0,"Jones, P.",14,12,8,6,0,1,3,5,12,12,7,3,1,0,0,0,10,0,1.6,3.25,5.5,1.6,3.4,4.6,1.57,3.5,5.0,1.6,3.4,5.5,1.615,3.4,5.0,1.61,3.1,5.5,0102
283,E0,06/03/02,Leeds,Ipswich,2,0,H,0,0,D,39414.0,"Gallagher, D. J.",11,9,7,3,0,0,7,5,11,15,1,2,1,3,0,0,10,30,1.5,3.5,6.1,1.5,3.5,5.4,1.67,3.4,4.33,1.5330000000000001,3.5,6.0,1.5330000000000001,3.5,5.5,1.5,3.4,6.0,0102
284,E0,06/03/02,Liverpool,Newcastle,3,0,H,1,0,H,44204.0,"Winter, J. T.",23,11,11,2,1,0,5,6,8,13,5,1,0,0,0,0,0,0,1.77,3.4,3.9,1.85,3.1,3.6,1.67,3.4,4.33,1.75,3.25,4.333,1.6669999999999998,3.5,4.333,1.66,3.3,4.5,0102
285,E0,06/03/02,Man United,Tottenham,4,0,H,2,0,H,67599.0,"Riley, M. A.",25,7,14,2,0,0,14,3,6,13,4,1,2,3,0,1,20,55,1.3,4.4,8.0,1.35,4.0,7.0,1.36,4.0,7.0,1.3,4.333,9.0,1.3330000000000002,4.0,8.5,1.3,4.33,8.0,0102
286,E0,06/03/02,Southampton,Middlesbrough,1,1,D,1,0,H,28931.0,"Rennie, U. D.",9,4,4,1,0,0,13,1,17,12,5,3,1,1,0,1,10,35,1.9,3.3,3.55,2.0,3.1,3.2,1.8,3.2,4.0,1.9,3.2,3.75,1.909,3.25,3.5,1.9,3.25,3.4,0102
287,E0,06/03/02,West Ham,Everton,1,0,H,0,0,D,29883.0,"Knight, B.",16,6,6,2,0,0,10,3,8,13,4,0,0,2,0,0,0,20,1.95,3.2,3.4,1.8,3.1,3.8,1.73,3.2,4.33,1.909,3.1,4.0,1.7269999999999999,3.25,4.333,1.9,3.1,3.6,0102
288,E0,09/03/02,Leicester,Charlton,1,1,D,1,1,D,18562.0,"Wilkes, C. R.",10,11,5,6,0,1,11,5,15,16,1,4,1,3,0,0,10,30,2.7,3.2,2.3,2.8,3.1,2.2,2.8,3.2,2.2,2.75,3.2,2.3,2.75,3.25,2.25,2.75,3.25,2.2,0102
289,E0,13/03/02,Blackburn,Ipswich,2,1,H,2,0,H,23305.0,"Dowd, P.",11,6,7,3,0,0,9,2,24,17,9,8,3,2,0,0,30,20,1.73,3.3,4.2,1.75,3.2,4.0,1.8,3.2,4.0,1.7,3.25,4.5,1.6669999999999998,3.5,4.333,1.72,3.25,4.2,0102
290,E0,13/03/02,Chelsea,Tottenham,4,0,H,1,0,H,39652.0,"Wiley, A. G.",24,5,13,0,0,0,6,3,10,14,0,5,1,3,0,1,10,55,1.57,3.6,5.0,1.55,3.5,4.8,1.61,3.25,5.0,1.571,3.4,5.5,1.6669999999999998,3.4,4.5,1.61,3.25,5.0,0102
291,E0,16/03/02,Bolton,Derby,1,3,A,0,1,A,25893.0,"Elleray, D. R.",6,3,2,2,0,1,7,3,13,13,3,4,0,0,1,0,25,0,2.1,3.05,3.2,2.0,3.0,3.3,2.2,3.25,2.75,2.25,3.2,2.875,2.0,3.25,3.25,2.2,3.0,3.0,0102
292,E0,16/03/02,Chelsea,Sunderland,4,0,H,1,0,H,40218.0,"Knight, B.",12,8,7,3,0,0,6,3,8,13,0,7,2,2,0,0,20,20,1.43,3.7,6.6,1.45,3.8,5.4,1.44,3.6,6.5,1.5,3.4,6.5,1.444,3.6,7.0,1.44,3.6,6.5,0102
293,E0,16/03/02,Everton,Fulham,2,1,H,2,0,H,34639.0,"Barber, G. P.",5,11,2,5,0,1,0,11,16,15,3,3,2,4,1,0,45,40,2.32,3.0,2.85,2.0,3.0,3.3,2.37,3.2,2.6,2.3,3.1,2.875,2.5,3.0,2.625,2.37,2.9,2.75,0102
294,E0,16/03/02,Middlesbrough,Liverpool,1,2,A,0,1,A,31253.0,"D'Urso, A. P.",15,8,5,7,0,0,7,3,10,12,3,7,0,2,0,0,0,20,3.8,3.2,1.85,3.2,3.1,2.0,3.2,3.5,1.91,4.0,3.2,1.8,4.0,3.2,1.8,3.5,3.2,1.9,0102
295,E0,16/03/02,Newcastle,Ipswich,2,2,D,0,0,D,51115.0,"Riley, M. A.",20,7,8,4,0,0,12,3,11,15,2,0,1,1,0,0,10,10,1.42,3.8,6.7,1.4,3.9,6.0,1.5,3.4,6.0,1.444,3.75,7.0,1.444,3.75,6.5,1.4,3.6,7.5,0102
296,E0,16/03/02,Southampton,Leicester,2,2,D,1,2,A,30012.0,"Dean, M. L",9,6,5,4,1,1,6,2,15,13,1,10,0,3,0,0,0,30,1.47,3.6,6.5,1.6,3.4,4.6,1.5,3.4,6.0,1.5330000000000001,3.4,6.5,1.444,3.75,6.5,1.4,3.6,7.5,0102
297,E0,16/03/02,West Ham,Man United,3,5,A,2,2,D,35281.0,"Halsey, M. R.",10,14,3,9,0,0,3,3,13,8,1,2,2,2,0,0,20,20,5.1,3.4,1.6,4.2,3.2,1.7,5.0,3.25,1.61,4.5,3.4,1.6669999999999998,5.0,3.75,1.5330000000000001,5.0,3.5,1.57,0102
298,E0,17/03/02,Aston Villa,Arsenal,1,2,A,1,0,H,41520.0,"Dunn, S. W.",8,6,3,3,0,0,10,2,10,12,0,5,1,2,0,0,10,20,3.35,3.1,2.0,3.3,3.0,2.0,3.75,3.2,1.83,3.5,3.25,1.95,3.75,3.25,1.8330000000000002,3.75,3.2,1.83,0102
299,E0,17/03/02,Leeds,Blackburn,3,1,H,2,0,H,39857.0,"Poll, G.",18,15,8,8,0,0,4,4,15,16,3,0,2,1,0,0,20,10,1.54,3.45,5.65,1.6,3.4,4.6,1.67,3.25,4.5,1.571,3.4,5.75,1.5330000000000001,3.5,5.5,1.57,3.25,5.5,0102
300,E0,18/03/02,Tottenham,Charlton,0,1,A,0,0,D,29602.0,"Winter, J. T.",13,10,5,4,1,0,4,6,5,13,0,3,1,0,0,0,10,0,1.9,3.1,3.7,1.9,3.1,3.5,1.8,3.2,4.0,1.8,3.4,3.8,1.7269999999999999,3.25,4.333,1.8,3.1,4.0,0102
301,E0,23/03/02,Charlton,Bolton,1,2,A,0,2,A,26358.0,"Foy, C. J.",6,6,4,4,0,0,4,1,15,17,5,6,1,2,0,0,10,20,1.78,3.25,4.05,1.9,3.1,3.5,1.67,3.4,4.33,1.8,3.25,4.0,1.571,3.6,5.0,1.66,3.3,4.5,0102
302,E0,23/03/02,Derby,Everton,3,4,A,0,1,A,33297.0,"Barry, N. S.",12,8,4,7,0,0,8,0,12,21,6,9,2,3,0,0,20,30,2.0,3.2,3.3,2.1,3.0,3.1,1.83,3.2,3.75,2.0,3.2,3.3,2.0,3.25,3.25,2.0,3.1,3.3,0102
303,E0,23/03/02,Ipswich,Aston Villa,0,0,D,0,0,D,25247.0,"Pugh, D.",13,6,3,2,1,0,8,6,15,12,4,3,1,2,0,0,10,20,2.27,3.1,2.85,2.1,3.0,3.1,2.2,3.25,2.75,2.3,3.2,2.7,2.375,3.2,2.6,2.4,3.1,2.6,0102
304,E0,23/03/02,Leicester,Leeds,0,2,A,0,2,A,18976.0,"Dunn, S. W.",11,12,5,8,2,2,8,7,12,10,0,0,2,2,0,0,20,20,5.5,3.6,1.52,4.6,3.4,1.6,4.5,3.5,1.61,5.0,3.4,1.615,4.5,3.6,1.615,4.5,3.3,1.66,0102
305,E0,23/03/02,Man United,Middlesbrough,0,1,A,0,1,A,67683.0,"Bennett, S. G.",18,5,4,3,0,0,6,2,9,11,3,1,4,2,0,0,40,20,1.21,5.0,11.0,1.25,4.5,9.0,1.25,4.5,10.0,1.222,5.5,9.0,1.2,5.5,10.0,1.22,5.0,9.5,0102
306,E0,23/03/02,Sunderland,Southampton,1,1,D,0,0,D,46120.0,"Messias, M. D.",10,14,7,8,0,0,3,8,10,14,5,0,2,3,0,0,20,30,1.92,3.15,3.65,1.9,3.1,3.5,2.1,3.2,3.0,1.95,3.25,3.4,,,,1.9,3.2,3.5,0102
307,E0,24/03/02,Fulham,Tottenham,0,2,A,0,2,A,15885.0,"Durkin, P. A.",9,11,3,4,0,0,4,6,16,13,1,1,2,2,0,0,20,20,2.15,3.15,2.95,2.1,3.0,3.1,2.1,3.2,3.0,2.1,3.1,3.1,2.2,3.25,2.8,2.2,3.1,2.87,0102
308,E0,24/03/02,Liverpool,Chelsea,1,0,H,0,0,D,44203.0,"Halsey, M. R.",8,10,4,1,0,0,5,3,17,13,11,1,1,1,0,0,10,10,1.86,3.15,3.85,2.0,3.1,3.2,1.91,3.2,3.5,1.909,3.2,3.75,1.8,3.25,4.0,1.83,3.2,3.75,0102
309,E0,29/03/02,Newcastle,Everton,6,2,H,2,2,D,51921.0,"Poll, G.",18,7,9,4,0,0,4,1,5,8,1,0,0,3,0,0,0,30,1.58,3.4,5.2,1.55,3.5,4.8,1.61,3.5,4.5,1.571,3.4,5.5,1.571,3.4,5.5,1.53,3.4,5.5,0102
310,E0,30/03/02,Arsenal,Sunderland,3,0,H,3,0,H,38047.0,"Durkin, P. A.",13,13,10,5,0,0,5,4,8,17,5,6,0,3,0,0,0,30,1.26,4.7,9.0,1.3,4.2,8.0,1.25,4.5,10.0,1.25,4.5,10.0,1.222,5.0,10.0,1.25,4.5,10.0,0102
311,E0,30/03/02,Bolton,Aston Villa,3,2,H,2,2,D,24600.0,"Styles, R.",9,9,6,3,0,0,2,5,16,13,8,3,3,1,0,0,30,10,2.3,3.1,2.8,2.1,2.9,3.2,2.2,3.25,2.75,2.3,3.2,2.7,2.5,3.2,2.5,2.5,3.1,2.5,0102
312,E0,30/03/02,Chelsea,Derby,2,1,H,0,0,D,37849.0,"Dean, M. L",13,2,6,1,3,0,6,3,13,10,6,9,3,4,0,0,30,40,1.35,4.1,7.8,1.4,3.7,6.4,1.44,3.6,6.5,1.3330000000000002,4.2,8.0,1.4,4.0,6.5,1.36,4.0,7.0,0102
313,E0,30/03/02,Leeds,Man United,3,4,A,1,3,A,40058.0,"Elleray, D. R.",16,13,11,7,0,1,2,3,10,9,3,1,1,2,0,0,10,20,2.9,3.15,2.2,2.8,3.1,2.2,2.75,3.2,2.25,2.875,3.2,2.2,2.8,3.25,2.2,3.1,3.1,2.1,0102
314,E0,30/03/02,Leicester,Blackburn,2,1,H,1,0,H,16236.0,"Barber, G. P.",9,12,6,4,0,1,6,6,12,24,3,0,0,1,0,0,0,10,3.25,3.15,2.05,,,,3.4,3.25,1.91,3.5,3.4,1.85,3.4,3.4,1.909,3.2,3.2,2.0,0102
315,E0,30/03/02,Liverpool,Charlton,2,0,H,2,0,H,44094.0,"Gallagher, D. J.",14,6,8,1,0,0,6,6,6,10,4,8,1,2,0,0,10,20,1.3,4.5,8.0,1.35,4.0,7.0,1.33,4.0,8.0,1.3,4.333,8.5,1.286,4.5,8.5,1.3,4.2,8.5,0102
316,E0,30/03/02,Middlesbrough,Tottenham,1,1,D,0,1,A,31258.0,"Dowd, P.",8,10,3,6,0,1,9,6,9,16,3,1,0,3,0,0,0,30,2.2,3.15,2.9,2.0,3.0,3.3,2.25,3.2,2.75,2.2,3.2,2.875,2.1,3.25,3.0,2.25,3.2,2.75,0102
317,E0,30/03/02,Southampton,Fulham,1,1,D,1,1,D,31616.0,"Winter, J. T.",11,7,6,2,1,1,5,8,12,17,5,3,1,1,0,0,10,10,2.05,3.1,3.25,2.1,3.0,3.1,1.83,3.4,3.6,2.0,3.1,3.4,1.8330000000000002,3.4,3.6,2.0,3.1,3.3,0102
318,E0,30/03/02,West Ham,Ipswich,3,1,H,1,0,H,33871.0,"Wiley, A. G.",18,12,11,5,0,0,8,4,9,13,4,2,0,2,0,0,0,20,1.82,3.25,3.9,1.8,3.1,3.8,1.8,3.25,3.75,1.85,3.25,3.75,1.8,3.25,4.0,1.8,3.1,4.0,0102
319,E0,01/04/02,Blackburn,Southampton,2,0,H,2,0,H,28851.0,"Wilkes, C. R.",7,5,4,2,0,0,5,2,10,13,7,4,0,1,0,0,0,10,1.84,3.25,3.7,1.9,3.1,3.5,1.91,3.2,3.5,1.909,3.25,3.5,1.909,3.25,3.5,2.0,3.2,3.2,0102
320,E0,01/04/02,Charlton,Arsenal,0,3,A,0,3,A,26339.0,"D'Urso, A. P.",5,12,5,8,0,0,9,2,7,15,3,0,2,2,0,0,20,20,5.4,3.5,1.55,4.6,3.4,1.6,5.5,3.6,1.5,6.0,3.5,1.5,5.0,3.6,1.571,5.0,3.5,1.57,0102
321,E0,01/04/02,Derby,Middlesbrough,0,1,A,0,1,A,30822.0,"Durkin, P. A.",7,6,4,1,0,0,7,7,14,17,2,9,1,0,0,0,10,0,2.08,3.2,3.1,1.9,3.1,3.5,2.0,3.2,3.2,2.05,3.2,3.2,2.1,3.25,3.0,2.2,3.1,2.87,0102
322,E0,01/04/02,Everton,Bolton,3,1,H,1,0,H,39784.0,"Bennett, S. G.",10,12,5,3,0,2,5,5,8,11,5,1,1,1,1,1,35,35,1.87,3.2,3.75,2.0,2.9,3.4,1.8,3.2,4.0,1.909,3.25,3.5,1.8,3.4,3.75,1.8,3.3,3.75,0102
323,E0,01/04/02,Fulham,West Ham,0,1,A,0,1,A,19416.0,"Halsey, M. R.",10,3,2,2,0,0,7,1,10,12,3,0,1,1,0,0,10,10,2.0,3.15,3.35,1.9,3.1,3.5,2.1,3.2,3.0,1.95,3.2,3.5,2.2,3.25,2.8,2.25,3.1,2.8,0102
324,E0,01/04/02,Ipswich,Chelsea,0,0,D,0,0,D,28053.0,"Wolstenholme, E. K.",9,7,5,2,0,0,6,8,6,9,4,8,0,0,0,0,0,0,3.12,3.2,2.07,3.2,3.1,2.0,2.87,3.4,2.1,3.2,3.2,2.05,2.875,3.4,2.1,3.2,3.2,2.0,0102
325,E0,01/04/02,Sunderland,Leicester,2,1,H,2,1,H,44950.0,"Barry, N. S.",12,9,9,7,1,0,5,1,12,11,1,5,3,2,0,0,30,20,1.5,3.6,6.0,1.5,3.7,5.0,1.5,3.4,6.0,1.5,3.5,6.0,1.5,3.5,6.0,1.5,3.6,5.5,0102
326,E0,01/04/02,Tottenham,Leeds,2,1,H,2,0,H,35167.0,"Rennie, U. D.",8,17,5,8,0,0,1,7,15,12,3,1,2,0,0,0,20,0,2.85,3.2,2.2,3.1,3.0,2.1,2.8,3.2,2.2,3.3,3.2,2.05,2.625,3.2,2.375,2.5,3.1,2.5,0102
327,E0,02/04/02,Aston Villa,Newcastle,1,1,D,1,1,D,36597.0,"Dunn, S. W.",16,6,7,1,0,1,11,2,12,15,4,5,0,0,0,0,0,0,2.7,3.2,2.32,2.9,3.0,2.2,2.75,3.2,2.25,2.75,3.2,2.25,2.6,3.2,2.375,2.75,3.2,2.25,0102
328,E0,06/04/02,Arsenal,Tottenham,2,1,H,1,0,H,38186.0,"Halsey, M. R.",13,2,5,2,0,0,10,1,15,17,1,5,1,4,0,0,10,40,1.5,3.6,5.8,1.4,3.9,6.0,1.5,3.4,6.0,1.444,3.75,7.0,1.444,3.75,6.5,1.44,3.25,8.0,0102
329,E0,06/04/02,Bolton,Ipswich,4,1,H,4,0,H,25817.0,"Winter, J. T.",9,9,5,4,0,0,3,8,9,11,3,1,0,0,0,0,0,0,2.02,3.2,3.25,1.9,3.1,3.5,2.0,3.4,3.0,2.1,3.4,3.0,2.1,3.25,3.0,2.0,3.2,3.2,0102
330,E0,06/04/02,Chelsea,Everton,3,0,H,2,0,H,40545.0,"Elleray, D. R.",19,12,8,6,0,1,7,8,6,10,1,3,0,1,0,0,0,10,1.4,3.9,6.8,1.4,3.7,6.4,1.44,3.75,6.5,1.444,3.75,7.0,1.5,3.75,5.5,1.44,3.6,6.5,0102
331,E0,06/04/02,Leicester,Man United,0,1,A,0,0,D,21447.0,"D'Urso, A. P.",13,13,3,4,0,0,4,10,13,8,1,2,1,1,0,0,10,10,10.0,4.6,1.25,7.0,4.0,1.35,8.0,4.5,1.28,9.5,4.5,1.286,8.5,4.5,1.286,10.0,4.5,1.25,0102
332,E0,06/04/02,Middlesbrough,Aston Villa,2,1,H,1,0,H,26003.0,"Barber, G. P.",7,12,3,9,0,0,5,8,9,15,10,6,0,0,0,0,0,0,2.15,3.05,3.1,2.1,2.9,3.2,1.91,3.25,3.4,2.1,3.2,3.2,2.0,3.1,3.4,1.9,3.1,3.6,0102
333,E0,06/04/02,Southampton,Derby,2,0,H,1,0,H,29263.0,"Bennett, S. G.",10,8,5,3,1,1,5,6,10,9,3,1,1,0,0,0,10,0,1.84,3.3,3.7,1.85,3.1,3.6,1.83,3.5,3.4,2.0,3.3,3.3,1.909,3.25,3.5,1.9,3.4,3.25,0102
334,E0,06/04/02,West Ham,Charlton,2,0,H,2,0,H,32389.0,"Riley, M. A.",11,18,4,8,1,3,3,13,7,9,4,2,1,4,0,0,10,40,1.86,3.2,3.75,1.9,3.1,3.5,1.8,3.25,3.75,1.85,3.25,3.8,1.8,3.25,4.0,1.83,3.2,3.75,0102
335,E0,07/04/02,Leeds,Sunderland,2,0,H,1,0,H,39195.0,"Jones, P.",14,8,7,0,0,0,8,4,18,14,12,2,2,1,0,0,20,10,1.4,3.9,6.8,1.45,3.8,5.4,1.44,3.6,6.5,1.4,3.6,8.0,1.444,3.75,6.5,1.44,3.6,6.5,0102
336,E0,08/04/02,Newcastle,Fulham,1,1,D,1,0,H,50017.0,"Wiley, A. G.",7,5,4,3,0,0,6,2,16,10,6,4,1,0,0,0,10,0,1.45,3.7,6.35,1.5,3.7,5.0,1.5,3.4,6.0,1.444,3.6,7.0,1.444,3.75,6.5,1.44,3.6,6.5,0102
337,E0,10/04/02,Blackburn,Chelsea,0,0,D,0,0,D,25441.0,"Dunn, S. W.",15,8,7,2,0,0,5,5,7,13,4,1,0,0,0,0,0,0,2.8,3.3,2.2,2.9,3.0,2.2,2.75,3.25,2.2,2.75,3.25,2.3,,,,2.62,3.25,2.3,0102
338,E0,13/04/02,Aston Villa,Leeds,0,1,A,0,1,A,40039.0,"Knight, B.",10,5,5,2,0,0,7,2,16,18,2,11,2,3,0,0,20,30,2.77,3.1,2.33,2.7,3.0,2.3,2.75,3.25,2.2,2.75,3.25,2.3,2.6,3.2,2.375,2.75,3.1,2.3,0102
339,E0,13/04/02,Charlton,Southampton,1,1,D,1,0,H,26557.0,"Dowd, P.",8,10,5,6,0,0,7,5,21,12,1,1,2,2,0,0,20,20,2.0,3.15,3.4,2.0,3.1,3.2,2.1,3.0,3.2,2.1,3.1,3.25,2.2,3.25,2.8,2.0,3.1,3.3,0102
340,E0,13/04/02,Derby,Newcastle,2,3,A,0,0,D,31031.0,"Styles, R.",6,15,2,9,0,2,6,2,13,11,2,9,3,1,0,0,30,10,3.5,3.25,1.91,3.6,3.3,1.8,3.2,3.5,1.91,3.5,3.4,1.909,3.4,3.4,1.909,3.5,3.4,1.83,0102
341,E0,13/04/02,Everton,Leicester,2,2,D,0,2,A,35580.0,"Rennie, U. D.",16,6,8,2,0,0,13,4,15,6,3,5,1,1,0,0,10,10,1.41,3.8,6.9,1.4,3.9,6.0,1.44,3.75,6.5,1.444,3.6,7.0,1.4,4.0,6.5,1.4,3.75,7.0,0102
342,E0,13/04/02,Sunderland,Liverpool,0,1,A,0,0,D,48355.0,"Gallagher, D. J.",10,10,5,5,0,1,4,3,10,11,2,13,1,2,1,0,35,20,4.3,3.3,1.75,3.8,3.1,1.8,4.5,3.5,1.61,4.5,3.5,1.6669999999999998,4.333,3.5,1.6669999999999998,4.33,3.4,1.66,0102
343,E0,13/04/02,Tottenham,West Ham,1,1,D,0,0,D,36083.0,"Barry, N. S.",16,12,6,5,0,0,3,5,11,6,1,3,0,0,0,0,0,0,1.91,3.25,3.5,2.0,3.1,3.2,1.83,3.2,3.75,1.909,3.25,3.6,1.909,3.25,3.5,1.9,3.25,3.4,0102
344,E0,20/04/02,Bolton,Tottenham,1,1,D,0,1,A,25817.0,"Messias, M. D.",13,10,6,4,1,0,13,3,13,15,2,4,1,3,0,0,10,30,2.2,3.0,3.05,2.1,3.0,3.1,2.2,3.25,2.75,2.2,3.25,2.9,2.375,3.2,2.6,2.25,3.2,2.75,0102
345,E0,20/04/02,Chelsea,Man United,0,3,A,0,2,A,41725.0,"Barber, G. P.",7,6,2,5,0,0,12,5,9,6,3,8,4,1,0,0,40,10,2.65,3.1,2.36,2.4,3.1,2.4,2.62,3.4,2.25,2.6,3.25,2.4,2.75,3.25,2.25,2.8,3.1,2.25,0102
346,E0,20/04/02,Leeds,Fulham,0,1,A,0,0,D,39811.0,"Styles, R.",9,7,4,4,0,0,1,4,12,16,4,1,2,3,0,0,20,30,1.45,3.8,6.2,1.6,3.4,4.6,1.5,3.4,6.0,1.5,3.5,6.5,1.444,3.75,6.5,1.53,3.25,6.0,0102
347,E0,20/04/02,Leicester,Aston Villa,2,2,D,1,2,A,18125.0,"Poll, G.",10,16,7,11,1,1,5,4,11,15,3,0,1,0,0,0,10,0,2.95,3.1,2.22,2.8,3.1,2.2,2.75,3.2,2.25,2.875,3.25,2.2,2.75,3.25,2.25,2.62,3.1,2.37,0102
348,E0,20/04/02,Liverpool,Derby,2,0,H,1,0,H,43510.0,"Riley, M. A.",13,4,5,1,0,0,9,4,8,16,6,3,0,3,0,0,0,30,1.22,5.5,9.0,1.15,6.0,12.0,1.2,5.0,11.0,1.2,5.5,10.0,1.2,5.5,10.0,1.22,5.0,9.5,0102
349,E0,20/04/02,Middlesbrough,Blackburn,1,3,A,0,1,A,26932.0,"Barry, N. S.",8,9,2,5,0,0,7,9,15,21,3,1,3,3,1,0,55,30,2.1,3.15,3.1,2.2,3.0,2.9,2.1,3.2,3.0,2.2,3.2,3.0,1.909,3.25,3.5,2.0,3.2,3.2,0102
350,E0,20/04/02,Newcastle,Charlton,3,0,H,1,0,H,51360.0,"Dean, M. L",12,4,8,1,0,0,8,7,12,9,0,2,1,2,0,0,10,20,1.36,4.0,7.6,1.35,4.0,7.0,1.4,3.75,7.0,1.4,3.8,7.5,1.3330000000000002,4.333,7.5,1.33,4.0,8.0,0102
351,E0,20/04/02,Southampton,Everton,0,1,A,0,1,A,31785.0,"Halsey, M. R.",6,7,0,5,1,0,1,7,13,18,4,4,2,0,0,0,20,0,1.92,3.15,3.6,2.0,2.8,3.5,,,,2.0,3.2,3.4,1.909,3.25,3.5,1.9,3.1,3.6,0102
352,E0,20/04/02,West Ham,Sunderland,3,0,H,1,0,H,33319.0,"Bennett, S. G.",16,10,7,5,0,0,9,6,8,9,4,2,3,2,0,0,30,20,1.73,3.3,4.3,1.8,3.2,3.6,1.67,3.25,4.5,1.8330000000000002,3.25,4.0,1.7269999999999999,3.5,4.0,1.72,3.25,4.2,0102
353,E0,21/04/02,Arsenal,Ipswich,2,0,H,0,0,D,38058.0,"Wiley, A. G.",20,7,8,2,3,1,14,2,9,9,3,0,1,0,0,0,10,0,1.2,5.25,11.0,1.2,5.0,10.0,1.17,5.5,12.0,1.2,5.5,11.0,1.2,5.5,10.0,1.2,5.5,9.0,0102
354,E0,23/04/02,Blackburn,Newcastle,2,2,D,1,0,H,26712.0,"Rennie, U. D.",12,21,5,9,0,1,6,6,15,11,0,3,0,2,0,0,0,20,2.53,3.0,2.6,2.5,2.7,2.8,,,,2.375,3.0,2.8,2.7,3.1,2.375,2.5,2.9,2.62,0102
355,E0,23/04/02,Fulham,Bolton,3,0,H,1,0,H,18107.0,"Durkin, P. A.",12,7,7,2,1,3,3,6,5,9,3,5,0,0,0,0,0,0,2.0,3.0,3.55,2.0,2.7,3.8,1.8,3.25,3.75,1.909,3.2,3.8,1.909,3.1,3.75,2.0,3.0,3.4,0102
356,E0,24/04/02,Arsenal,West Ham,2,0,H,0,0,D,38038.0,"Dunn, S. W.",20,5,9,1,0,0,12,2,12,13,1,4,2,2,0,0,20,20,1.25,4.65,10.0,1.3,4.2,8.0,,,,1.25,5.0,10.0,1.3,4.5,8.0,1.25,5.0,8.0,0102
357,E0,24/04/02,Ipswich,Middlesbrough,1,0,H,0,0,D,25979.0,"D'Urso, A. P.",17,13,7,4,1,0,4,5,13,13,4,2,0,2,0,0,0,20,1.7,3.5,4.1,1.65,3.5,4.2,1.67,3.25,4.5,1.75,3.5,4.0,1.615,3.6,4.5,1.8,3.5,3.5,0102
358,E0,27/04/02,Aston Villa,Southampton,2,1,H,2,0,H,35255.0,"Elleray, D. R.",8,7,5,3,0,1,7,1,11,8,3,7,2,1,0,0,20,10,1.87,3.15,3.8,1.85,3.1,3.6,1.8330000000000002,3.0,4.0,,,,1.909,3.25,3.5,1.8330000000000002,3.2,3.75,0102
359,E0,27/04/02,Charlton,Sunderland,2,2,D,1,2,A,26614.0,"Wolstenholme, E. K.",11,6,7,3,0,0,10,5,16,13,3,4,2,3,0,0,20,30,2.35,3.15,2.65,,,,2.2,3.25,2.75,,,,2.1,3.25,3.0,2.3,3.25,2.625,0102
360,E0,27/04/02,Derby,Leeds,0,1,A,0,1,A,30735.0,"Poll, G.",9,10,1,4,0,1,5,6,12,19,3,10,2,0,0,0,20,0,3.75,3.4,1.8,3.2,3.1,2.0,3.5,3.2,1.909,,,,3.6,3.4,1.8330000000000002,3.4,3.25,1.909,0102
361,E0,27/04/02,Fulham,Leicester,0,0,D,0,0,D,21016.0,"Yates, N",9,4,2,2,0,0,7,2,12,15,3,2,3,4,0,0,30,40,1.45,3.5,7.0,1.45,3.8,5.4,1.5,3.4,6.0,,,,1.444,3.75,6.5,1.5330000000000001,3.4,5.5,0102
362,E0,27/04/02,Ipswich,Man United,0,1,A,0,1,A,28433.0,"Styles, R.",12,16,4,8,0,1,5,5,11,10,3,3,2,0,0,0,20,0,6.0,4.25,1.4,5.0,3.7,1.5,5.0,3.75,1.5330000000000001,,,,5.0,3.8,1.5,6.0,3.75,1.444,0102
363,E0,27/04/02,Middlesbrough,Chelsea,0,2,A,0,2,A,28686.0,"Knight, B.",10,14,2,8,0,0,4,6,11,13,7,7,3,1,0,0,30,10,2.72,3.1,2.35,2.4,3.1,2.4,2.75,3.2,2.25,,,,2.375,3.2,2.6,2.6,3.1,2.4,0102
364,E0,27/04/02,Newcastle,West Ham,3,1,H,1,1,D,52127.0,"Durkin, P. A.",16,11,5,5,1,0,8,2,10,8,4,4,1,2,0,0,10,20,1.5,3.7,5.7,1.6,3.4,4.6,1.615,3.25,5.0,,,,1.571,3.4,5.5,,,,0102
365,E0,27/04/02,Tottenham,Liverpool,1,0,H,1,0,H,36017.0,"Jones, P.",11,11,5,7,0,1,3,8,9,11,6,2,1,1,0,0,10,10,4.0,3.4,1.75,4.0,3.3,1.7,5.0,3.25,1.615,,,,4.0,3.6,1.6669999999999998,4.333,3.2,1.7269999999999999,0102
366,E0,28/04/02,Everton,Blackburn,1,2,A,0,1,A,34976.0,"Winter, J. T.",10,14,4,6,0,1,9,5,12,9,3,7,2,2,0,0,20,20,2.25,3.1,2.85,2.0,3.1,3.2,2.375,3.2,2.6,,,,2.2,3.25,2.8,2.1,3.2,3.0,0102
367,E0,29/04/02,Bolton,Arsenal,0,2,A,0,2,A,27351.0,"Gallagher, D. J.",7,8,1,4,1,2,7,3,10,8,2,6,0,0,0,0,0,0,7.5,3.9,1.37,6.0,3.9,1.4,7.0,3.75,1.4,,,,6.5,4.333,1.364,8.0,3.75,1.364,0102
368,E0,08/05/02,Liverpool,Blackburn,4,3,H,2,1,H,40663.0,"Wiley, A. G.",15,9,7,7,0,0,8,7,9,12,3,3,1,1,0,0,10,10,1.3,4.65,7.65,1.3,4.2,8.0,1.4,4.0,6.5,1.3330000000000002,4.333,8.5,1.364,4.0,7.5,1.4,3.6,7.5,0102
369,E0,08/05/02,Man United,Arsenal,0,1,A,0,0,D,67580.0,"Durkin, P. A.",9,5,3,2,0,0,6,5,21,16,1,2,4,2,0,0,40,20,2.0,3.1,3.4,1.85,3.1,3.6,2.1,3.2,3.0,2.1,3.1,3.2,2.05,3.0,3.4,2.1,3.0,3.2,0102
370,E0,11/05/02,Arsenal,Everton,4,3,H,2,2,D,38254.0,"Halsey, M. R.",17,14,6,6,0,1,4,3,7,5,4,3,0,0,0,0,0,0,1.27,4.8,8.5,1.35,4.0,7.0,1.25,4.5,10.0,1.286,4.5,8.5,1.3330000000000002,4.333,7.5,1.3,4.5,7.5,0102
371,E0,11/05/02,Blackburn,Fulham,3,0,H,0,0,D,30487.0,"Foy, C. J.",17,6,13,2,0,1,2,7,13,7,2,0,3,0,0,0,30,0,1.9,3.25,3.55,1.85,3.1,3.6,1.8,3.25,3.75,2.0,3.2,3.3,2.0,3.25,3.25,1.8330000000000002,3.3,3.6,0102
372,E0,11/05/02,Chelsea,Aston Villa,1,3,A,0,1,A,40709.0,"Bennett, S. G.",15,15,6,11,0,1,7,6,14,18,7,5,0,1,0,0,0,10,1.6,3.4,5.0,1.6,3.4,4.6,1.615,3.25,5.0,1.571,3.4,5.5,1.5,3.5,6.0,1.571,3.5,5.0,0102
373,E0,11/05/02,Leeds,Middlesbrough,1,0,H,0,0,D,40218.0,"Rennie, U. D.",19,7,5,3,0,0,8,8,13,15,3,3,2,0,0,0,20,0,1.57,3.45,5.1,1.5,3.7,5.0,1.444,3.75,6.0,1.5330000000000001,3.6,5.5,1.571,3.4,5.5,1.571,3.5,5.0,0102
374,E0,11/05/02,Leicester,Tottenham,2,1,H,0,0,D,21716.0,"Elleray, D. R.",10,13,6,6,0,0,6,9,5,6,1,1,0,0,0,0,0,0,2.85,3.15,2.25,2.4,3.1,2.4,2.8,3.2,2.2,2.875,3.2,2.2,2.75,3.25,2.2,2.8,3.2,2.2,0102
375,E0,11/05/02,Liverpool,Ipswich,5,0,H,2,0,H,44088.0,"Dunn, S. W.",15,7,8,2,0,1,0,7,13,5,2,2,0,0,0,0,0,0,1.3,4.6,7.8,1.3,4.2,8.0,1.25,5.0,8.0,1.3330000000000002,4.5,7.0,1.3330000000000002,5.0,6.0,1.3330000000000002,4.5,6.5,0102
376,E0,11/05/02,Man United,Charlton,0,0,D,0,0,D,67579.0,"Poll, G.",13,11,6,6,0,0,7,4,8,7,1,3,2,0,0,0,20,0,1.22,5.1,10.0,1.25,4.5,9.0,1.2,5.0,11.0,1.25,5.0,8.5,1.222,5.5,8.5,1.2,5.0,11.0,0102
377,E0,11/05/02,Southampton,Newcastle,3,1,H,2,0,H,31973.0,"D'Urso, A. P.",7,16,3,8,0,0,3,6,15,11,3,5,0,1,1,0,25,10,2.75,3.15,2.3,2.6,3.1,2.3,2.75,3.25,2.2,2.7,3.25,2.3,2.6,3.2,2.375,2.625,3.25,2.3,0102
378,E0,11/05/02,Sunderland,Derby,1,1,D,1,0,H,47989.0,"Wiley, A. G.",26,5,12,3,2,0,4,2,11,14,6,5,0,1,0,0,0,10,1.45,3.6,6.7,1.4,3.9,6.0,1.364,4.0,7.0,1.444,3.4,7.5,1.444,3.4,7.5,1.444,3.3,7.5,0102
379,E0,11/05/02,West Ham,Bolton,2,1,H,1,0,H,35546.0,"Dean, M. L",17,10,10,4,1,0,9,5,9,13,3,6,2,1,0,0,20,10,1.6,3.5,4.85,1.6,3.4,4.6,1.5,3.4,6.0,1.5330000000000001,3.4,6.0,1.571,3.6,5.0,1.5330000000000001,3.4,5.5,0102
